00000	Ericsson AB
00001	Nokia Mobile Phones
00002	Intel Corp.
00003	IBM Corp.
00004	Toshiba Corp.
00005	3Com
00006	Microsoft
00007	Lucent
00008	Motorola
00009	Infineon Technologies AG
00010	Qualcomm Technologies International, Ltd. (QTIL)
00011	Silicon Wave
00012	Digianswer A/S
00013	Texas Instruments Inc.
00014	Parthus Technologies Inc.
00015	Broadcom Corporation
00016	Mitel Semiconductor
00017	Widcomm, Inc.
00018	Zeevo, Inc.
00019	Atmel Corporation
00020	Mitsubishi Electric Corporation
00021	RTX A/S
00022	KC Technology Inc.
00023	Newlogic
00024	Transilica, Inc.
00025	Rohde & Schwarz GmbH & Co. KG
00026	TTPCom Limited
00027	Signia Technologies, Inc.
00028	Conexant Systems Inc.
00029	Qualcomm
00030	Inventel
00031	AVM Berlin
00032	BandSpeed, Inc.
00033	Mansella Ltd
00034	NEC Corporation
00035	WavePlus Technology Co., Ltd.
00036	Alcatel
00037	NXP B.V.
00038	C Technologies
00039	Open Interface
00040	R F Micro Devices
00041	Hitachi Ltd
00042	Symbol Technologies, Inc.
00043	Tenovis
00044	Macronix International Co. Ltd.
00045	GCT Semiconductor
00046	Norwood Systems
00047	MewTel Technology Inc.
00048	ST Microelectronics
00049	Synopsys, Inc.
00050	Red-M (Communications) Ltd
00051	Commil Ltd
00052	Computer Access Technology Corporation (CATC)
00054	Renesas Electronics Corporation
00055	Mobilian Corporation
00056	Syntronix Corporation
00057	Integrated System Solution Corp.
00058	Panasonic Holdings Corporation
00059	Gennum Corporation
00060	BlackBerry Limited
00061	IPextreme, Inc.
00062	Systems and Chips, Inc
00063	Bluetooth SIG, Inc
00064	Seiko Epson Corporation
00065	Integrated Silicon Solution Taiwan, Inc.
00066	CONWISE Technology Corporation Ltd
00067	PARROT AUTOMOTIVE SAS
00068	Socket Mobile
00069	Atheros Communications, Inc.
00070	MediaTek, Inc.
00071	Bluegiga
00072	Marvell Technology Group Ltd.
00073	3DSP Corporation
00074	Accel Semiconductor Ltd.
00075	AUMOVIO Systems, Inc.
00076	Apple, Inc.
00077	Staccato Communications, Inc.
00078	Avago Technologies
00079	APT Ltd.
00080	SiRF Technology, Inc.
00081	Tzero Technologies, Inc.
00082	J&M Corporation
00083	Free2move AB
00084	3DiJoy Corporation
00085	Plantronics, Inc.
00086	Sony Ericsson Mobile Communications
00087	Harman International Industries, Inc.
00088	Vizio, Inc.
00089	Nordic Semiconductor ASA
00090	EM Microelectronic-Marin SA
00091	Ralink Technology Corporation
00092	Belkin International, Inc.
00093	Realtek Semiconductor Corporation
00094	Stonestreet One, LLC
00095	Wicentric, Inc.
00096	RivieraWaves S.A.S
00097	RDA Microelectronics
00098	Gibson Guitars
00099	MiCommand Inc.
00100	Band XI International, LLC
00101	HP, Inc.
00103	GN Hearing
00104	General Motors
00105	A&D Engineering, Inc.
00106	LTM Limited
00107	Polar Electro OY
00108	Beautiful Enterprise Co., Ltd.
00110	Summit Data Communications, Inc.
00111	Sound ID
00112	Monster, LLC
00113	connectBlue AB
00114	ShangHai Super Smart Electronics Co. Ltd.
00115	Group Sense Ltd.
00116	Zomm, LLC
00117	Samsung Electronics Co. Ltd.
00118	Creative Technology Ltd.
00119	Laird Connectivity LLC
00120	Nike, Inc.
00121	lesswire AG
00122	MStar Semiconductor, Inc.
00123	Hanlynn Technologies
00125	Seers Technology Co., Ltd.
00127	Autonet Mobile
00128	DeLorme Publishing Company, Inc.
00129	WuXi Vimicro
00130	DSEA A/S
00131	TimeKeeping Systems, Inc.
00132	Ludus Helsinki Ltd.
00133	BlueRadios, Inc.
00134	Equinux AG
00135	Garmin International, Inc.
00137	GN Hearing A/S
00138	Jawbone
00139	Topcon Positioning Systems, LLC
00140	Gimbal Inc.
00141	Zscan Software
00142	Quintic Corp
00143	Telit Wireless Solutions GmbH
00144	Funai Electric Co., Ltd.
00145	Advanced PANMOBIL systems GmbH & Co. KG
00146	ThinkOptics, Inc.
00147	Universal Electronics, Inc.
00148	Airoha Technology Corp.
00149	NEC Lighting, Ltd.
00150	ODM Technology, Inc.
00151	ConnecteDevice Ltd.
00152	zero1.tv GmbH
00153	i.Tech Dynamic Global Distribution Ltd.
00154	Alpwise
00155	Jiangsu Toppower Automotive Electronics Co., Ltd.
00156	Colorfy, Inc.
00157	Geoforce Inc.
00158	Bose Corporation
00159	Suunto Oy
00160	Kensington Computer Products Group
00161	SR-Medizinelektronik
00162	Vertu Corporation Limited
00163	Meta Watch Ltd.
00164	LINAK A/S
00165	OTL Dynamics LLC
00166	Panda Ocean Inc.
00167	Visteon Corporation
00168	ARP Devices Limited
00169	MARELLI EUROPE S.P.A.
00170	CAEN RFID srl
00171	Ingenieur-Systemgruppe Zahn GmbH
00172	Green Throttle Games
00173	Peter Systemtechnik GmbH
00174	Omegawave Oy
00175	Cinetix
00176	Passif Semiconductor Corp
00177	Saris Cycling Group, Inc
00178	Bekey A/S
00179	Clarinox Technologies Pty. Ltd.
00180	BDE Technology Co., Ltd.
00181	Swirl Networks
00182	Meso international
00183	TreLab Ltd
00184	Qualcomm Innovation Center, Inc. (QuIC)
00185	Johnson Controls, Inc.
00186	Starkey Hearing Technologies
00187	S-Power Electronics Limited
00188	Ace Sensor Inc
00189	Aplix Corporation
00190	AAMP of America
00191	Stalmart Technology Limited
00192	AMICCOM Electronics Corporation
00193	Shenzhen Excelsecu Data Technology Co.,Ltd
00194	Geneq Inc.
00195	adidas AG
00196	LG Electronics
00197	Onset Computer Corporation
00198	Selfly BV
00199	Quuppa Oy.
00200	GeLo Inc
00201	Evluma
00202	MC10
00203	Binauric SE
00204	Beats Electronics
00205	Microchip Technology Inc.
00206	Eve Systems GmbH
00207	ARCHOS SA
00208	Dexcom, Inc.
00209	Polar Electro Europe B.V.
00210	Renesas Design Netherlands B.V.
00211	Taixingbang Technology (HK) Co,. LTD.
00213	Austco Communication Systems
00214	Timex Group USA, Inc.
00215	Qualcomm Technologies, Inc.
00216	Qualcomm Connected Experiences, Inc.
00217	Voyetra Turtle Beach
00218	txtr GmbH
00219	Snuza (Pty) Ltd
00220	Procter & Gamble
00221	Hosiden Corporation
00222	Muzik LLC
00223	Misfit Wearables Corp
00224	Google
00225	Danlers Ltd
00226	Semilink Inc
00227	inMusic Brands, Inc
00228	L.S. Research, Inc.
00229	Eden Software Consultants Ltd.
00231	KS Technologies
00232	ACTS Technologies
00233	Vtrack Systems
00234	Nielsen-Kellerman
00235	Server Technology Inc.
00236	BioResearch Associates
00237	Jolly Logic, LLC
00238	Above Average Outcomes, Inc.
00239	Bitsplitters GmbH
00240	PayPal, Inc.
00241	Witron Technology Limited
00242	Morse Project Inc.
00243	Kent Displays Inc.
00244	Nautilus Inc.
00245	Smartifier Oy
00247	VSN Technologies, Inc.
00248	AceUni Corp., Ltd.
00250	Crystal Alarm AB
00251	KOUKAAM a.s.
00252	Delphi Corporation
00253	ValenceTech Limited
00254	Stanley Black and Decker
00255	Typo Products, LLC
00256	TomTom International BV
00257	Fugoo, Inc.
00258	Keiser Corporation
00259	Bang & Olufsen A/S
00260	PLUS Location Systems Pty Ltd
00261	Ubiquitous Computing Technology Corporation
00262	Innovative Yachtter Solutions
00263	Demant A/S
00264	Chicony Electronics Co., Ltd.
00265	Atus BV
00266	Codegate Ltd
00267	ERi, Inc
00268	Transducers Direct, LLC
00269	DENSO TEN Limited
00270	Audi AG
00271	HiSilicon Technologies CO., LIMITED
00272	Nippon Seiki Co., Ltd.
00273	Steelseries ApS
00274	Visybl Inc.
00275	Openbrain Technologies, Co., Ltd.
00277	e.solutions
00278	10AK Technologies
00279	Wimoto Technologies Inc
00280	Radius Networks, Inc.
00282	Qualcomm Labs, Inc.
00283	Hewlett Packard Enterprise
00284	Baidu
00285	Arendi AG
00286	Skoda Auto a.s.
00287	Volkswagen AG
00288	Porsche AG
00289	Sino Wealth Electronic Ltd.
00290	AirTurn, Inc.
00291	Kinsa, Inc
00292	HID Global
00293	SEAT es
00294	Promethean Ltd.
00295	Salutica Allied Solutions
00296	GPSI Group Pty Ltd
00297	Nimble Devices Oy
00298	Changzhou Yongse Infotech Co., Ltd.
00299	SportIQ
00300	TEMEC Instruments B.V.
00301	Sony Corporation
00302	ASSA ABLOY
00303	Clarion Co. Inc.
00304	Warehouse Innovations
00305	Cypress Semiconductor
00306	MADS Inc
00307	Blue Maestro Limited
00308	Resolution Products, Ltd.
00309	Aireware LLC
00310	Silvair, Inc.
00311	Prestigio Plaza Ltd.
00312	NTEO Inc.
00313	Focus Systems Corporation
00314	Tencent Holdings Ltd.
00315	Allegion
00316	Murata Manufacturing Co., Ltd.
00317	WirelessWERX
00318	Nod, Inc.
00320	Alpine Electronics (China) Co., Ltd
00321	FedEx Services
00322	Grape Systems Inc.
00323	Bkon Connect
00324	Lintech GmbH
00325	Novatel Wireless
00326	Ciright
00327	Mighty Cast, Inc.
00328	Ambimat Electronics
00329	Perytons Ltd.
00330	Tivoli Audio, LLC
00331	Master Lock
00332	Mesh-Net Ltd
00333	HUIZHOU DESAY SV AUTOMOTIVE CO., LTD.
00334	Tangerine, Inc.
00335	B&W Group Ltd.
00336	Pioneer Corporation
00337	OnBeep
00338	Vernier Software & Technology
00339	ROL Ergo
00340	Pebble Technology
00341	NETATMO
00342	Accumulate AB
00343	Anhui Huami Information Technology Co., Ltd.
00344	Inmite s.r.o.
00345	ChefSteps, Inc.
00346	micas AG
00347	Biomedical Research Ltd.
00348	Pitius Tec S.L.
00349	Estimote, Inc.
00350	Unikey Technologies, Inc.
00351	Timer Cap Co.
00352	AwoX
00353	yikes
00354	MADSGlobalNZ Ltd.
00355	PCH International
00356	Qingdao Yeelink Information Technology Co., Ltd.
00357	Milwaukee Electric Tools
00358	MISHIK Pte Ltd
00359	Ascensia Diabetes Care US Inc.
00360	Spicebox LLC
00361	emberlight
00362	Copeland Cold Chain LP
00363	Qblinks
00364	MYSPHERA
00365	LifeScan Inc
00366	Volantic AB
00367	Podo Labs, Inc
00368	Roche Diabetes Care AG
00369	Amazon.com Services LLC
00370	Connovate Technology Private Limited
00371	Kocomojo, LLC
00372	Everykey Inc.
00373	Dynamic Controls
00374	SentriLock
00375	I-SYST inc.
00376	CASIO COMPUTER CO., LTD.
00377	LAPIS Semiconductor Co.,Ltd
00378	Telemonitor, Inc.
00379	taskit GmbH
00380	Mercedes-Benz Group AG
00381	BatAndCat
00382	BluDotz Ltd
00383	XTel Wireless ApS
00384	Gigaset Technologies GmbH
00385	Gecko Health Innovations, Inc.
00387	Walt Disney
00388	Nectar
00391	Seraphim Sense Ltd
00392	Unico RBC
00393	Physical Enterprises Inc.
00394	Able Trend Technology Limited
00395	Konica Minolta, Inc.
00396	Wilo SE
00397	Extron Design Services
00398	Google LLC
00400	Intelletto Technologies Inc.
00401	FDK CORPORATION
00402	Cloudleaf, Inc
00403	Maveric Automation LLC
00404	Acoustic Stream Corporation
00405	Zuli
00406	Paxton Access Ltd
00407	WiSilica Inc.
00408	VENGIT Korlatolt Felelossegu Tarsasag
00409	SALTO SYSTEMS S.L.
00410	TRON Forum
00411	CUBETECH s.r.o.
00412	Cokiya Incorporated
00413	CVS Health
00414	Ceruus
00415	Strainstall Ltd
00416	Channel Enterprises (HK) Ltd.
00417	FIAMM
00418	GIGALANE.CO.,LTD
00420	MSA Innovation, LLC
00421	Icon Health and Fitness
00422	Wille Engineering
00423	ENERGOUS CORPORATION
00424	Taobao
00425	Canon Inc.
00426	Geophysical Technology Inc.
00427	Meta Platforms, Inc.
00428	Trividia Health, Inc.
00429	FlightSafety International
00431	Sunrise Micro Devices, Inc.
00432	Star Micronics Co., Ltd.
00433	Netizens Sp. z o.o.
00434	Nymi Inc.
00435	Nytec, Inc.
00436	Trineo Sp. z o.o.
00437	Nest Labs Inc.
00438	LM Technologies Ltd
00439	General Electric Company
00440	i+D3 S.L.
00441	HANA Micron
00442	SPIA Cycling Inc.
00443	Cochlear Bone Anchored Solutions AB
00444	SenionLab AB
00445	Syszone Co., Ltd
00446	Pulsate Mobile Ltd.
00447	Hongkong OnMicro Electronics Limited
00449	BRADATECH Corp.
00450	Transenergooil AG
00452	DME Microelectronics
00453	Bitcraze AB
00454	HASWARE Inc.
00455	Abiogenix Inc.
00456	Poly-Control ApS
00457	Avi-on
00458	Laerdal Medical AS
00459	Fetch My Pet
00460	Sam Labs Ltd.
00461	Chengdu Synwing Technology Ltd
00462	HOUWA SYSTEM DESIGN, k.k.
00463	BSH
00464	Primus Inter Pares Ltd
00465	August Home, Inc
00466	Gill Electronics
00467	Sky Wave Design
00468	Newlab S.r.l.
00469	ELAD srl
00470	G-wearables inc.
00472	Code Corporation
00473	Savant Systems LLC
00474	Logitech International SA
00475	Innblue Consulting
00477	Koninklijke Philips N.V.
00478	Minelab Electronics Pty Limited
00479	Bison Group Ltd.
00480	Widex A/S
00481	Jolla Ltd
00483	Caterpillar Inc
00484	Freedom Innovations
00485	Dynamic Devices Ltd
00486	Technology Solutions (UK) Ltd
00490	Advanced Application Design, Inc.
00492	Spreadtrum Communications Shanghai Ltd
00494	Valeo Service
00495	Fullpower Technologies, Inc.
00496	KloudNation
00497	Zebra Technologies Corporation
00498	Itron, Inc.
00499	The University of Tokyo
00500	UTC Fire and Security
00501	Cool Webthings Limited
00502	DJO Global
00503	Gelliner Limited
00504	Anyka (Guangzhou) Microelectronics Technology Co, LTD
00505	Medtronic Inc.
00506	Gozio Inc.
00507	Form Lifting, LLC
00508	Wahoo Fitness, LLC
00509	Kontakt Micro-Location Sp. z o.o.
00510	Radio Systems Corporation
00511	Freescale Semiconductor, Inc.
00512	Verifone Systems Pte Ltd. Taiwan Branch
00513	AR Timing
00514	Rigado LLC
00515	Kemppi Oy
00518	Otter Products, LLC
00519	STEMP Inc.
00520	LumiGeek LLC
00521	InvisionHeart Inc.
00522	Macnica Inc.
00523	Jaguar Land Rover Limited
00524	CoroWare Technologies, Inc
00526	Omron Healthcare Co., LTD
00527	Comodule GMBH
00528	ikeGPS
00529	Telink Semiconductor Co. Ltd
00530	Interplan Co., Ltd
00531	Wyler AG
00532	IK Multimedia Production srl
00533	Lukoton Experience Oy
00534	MTI Ltd
00535	Tech4home, Lda
00537	DOTT Limited
00538	Blue Speck Labs, LLC
00539	Cisco Systems, Inc
00540	Mobicomm Inc
00541	Edamic
00542	Goodnet, Ltd
00543	Luster Leaf Products Inc
00544	Manus Machina BV
00545	Mobiquity Networks Inc
00546	Praxis Dynamics
00547	Philip Morris Products S.A.
00548	Comarch SA
00549	Nestlé Nespresso S.A.
00550	Merlinia A/S
00551	LifeBEAM Technologies
00552	Twocanoes Labs, LLC
00553	Muoverti Limited
00554	Stamer Musikanlagen GMBH
00555	Tesla, Inc.
00556	Pharynks Corporation
00557	Lupine
00558	Siemens AG
00560	Foster Electric Company, Ltd
00561	ETA SA
00562	x-Senso Solutions Kft
00564	FengFan (BeiJing) Technology Co, Ltd
00565	Qrio Inc
00566	Pitpatpet Ltd
00567	MSHeli s.r.l.
00568	Trakm8 Ltd
00569	JIN CO, Ltd
00570	Alatech Tehnology
00571	Beijing CarePulse Electronic Technology Co, Ltd
00573	ViCentra B.V.
00574	Raven Industries
00575	WaveWare Technologies Inc.
00576	Argenox Technologies
00577	Bragi GmbH
00579	Masimo Corp
00580	Iotera Inc
00581	Endress+Hauser
00582	ACKme Networks, Inc.
00583	FiftyThree Inc.
00584	Parker Hannifin Corp
00586	Uwatec AG
00587	Orlan LLC
00588	Blue Clover Devices
00589	M-Way Solutions GmbH
00590	Microtronics Engineering GmbH
00591	Schneider Schreibgeräte GmbH
00592	Sapphire Circuits LLC
00593	Lumo Bodytech Inc.
00594	Restar Corporation
00595	Xicato Inc.
00596	Playbrush
00597	Dai Nippon Printing Co., Ltd.
00598	G24 Power Limited
00599	AdBabble Local Commerce Inc.
00600	Devialet SA
00601	ALTYOR
00602	University of Applied Sciences Valais/Haute Ecole Valaisanne
00603	Five Interactive, LLC dba Zendo
00604	NetEase（Hangzhou）Network co.Ltd.
00605	Lexmark International Inc.
00606	Fluke Corporation
00607	Yardarm Technologies
00609	SECVRE GmbH
00610	Glacial Ridge Technologies
00612	DDS, Inc.
00613	SMK Corporation
00614	Schawbel Technologies LLC
00615	XMI Systems SA
00616	Cerevo
00617	Torrox GmbH & Co KG
00618	Gemalto
00619	DEKA Research & Development Corp.
00620	Domster Tadeusz Szydlowski
00621	Technogym SPA
00622	FLEURBAEY BVBA
00623	Aptcode Solutions
00624	LSI ADL Technology
00625	Animas Corp
00626	Alps Alpine Co., Ltd.
00627	OCEASOFT
00628	Motsai Research
00629	Geotab
00630	E.G.O. Elektro-Geraetebau GmbH
00631	bewhere inc
00632	Johnson Outdoors Inc
00633	steute Schaltgerate GmbH & Co. KG
00634	Ekomini inc.
00635	DEFA AS
00636	Aseptika Ltd
00637	HUAWEI Technologies Co., Ltd.
00638	HabitAware, LLC
00639	ruwido austria gmbh
00640	ITEC corporation
00641	StoneL
00642	Sonova AG
00643	Maven Machines, Inc.
00644	Synapse Electronics
00645	WOWTech Canada Ltd.
00646	RF Code, Inc.
00647	Wally Ventures S.L.
00649	SK Telecom
00650	Jetro AS
00651	Code Gears LTD
00652	NANOLINK APS
00654	RF Digital Corp
00655	Church & Dwight Co., Inc
00656	Multibit Oy
00657	CliniCloud Inc
00659	Blue Bite
00660	ELIAS GmbH
00661	Sivantos GmbH
00662	Petzl
00663	storm power ltd
00664	EISST Ltd
00665	Inexess Technology Simma KG
00666	Currant, Inc.
00667	C2 Development, Inc.
00668	Blue Sky Scientific, LLC
00669	ALOTTAZS LABS, LLC
00670	Kupson spol. s r.o.
00671	Areus Engineering GmbH
00672	Impossible Camera GmbH
00674	Sera4 Ltd.
00675	Itude
00676	Pacific Lock Company
00677	Tendyron Corporation
00678	Robert Bosch GmbH
00679	Illuxtron international B.V.
00680	miSport Ltd.
00681	Chargelib
00682	Doppler Lab
00683	BBPOS Limited
00685	Rx Networks, Inc.
00686	WeatherFlow, Inc.
00687	Technicolor USA Inc.
00688	Bestechnic(Shanghai),Ltd
00689	Raden Inc
00690	Oura Health Oy
00691	CLABER S.P.A.
00692	Hyginex, Inc.
00693	HANSHIN ELECTRIC RAILWAY CO.,LTD.
00694	Schneider Electric
00695	Oort Technologies LLC
00696	Chrono Therapeutics
00697	Rinnai Corporation
00698	Swissprime Technologies AG
00699	YOKOWO CO., LTD.
00700	Genevac Ltd
00701	Chemtronics
00702	Seguro Technology Sp. z o.o.
00704	Dash Robotics
00705	LINE Corporation
00706	Guillemot Corporation
00707	Techtronic Power Tools Technology Limited
00708	Wilson Sporting Goods
00709	Lenovo (Singapore) Pte Ltd.
00710	Ayatan Sensors
00711	Electronics Tomorrow Limited
00712	OneSpan
00713	PayRange Inc.
00714	ABOV Semiconductor
00715	AINA-Wireless Inc.
00717	BMA ergonomics b.v.
00718	Teva Branded Pharmaceutical Products R&D, Inc.
00719	Anima
00720	3M
00721	Empatica Srl
00722	Afero, Inc.
00723	Powercast Corporation
00724	Secuyou ApS
00725	OMRON Corporation
00726	Send Solutions
00727	NIPPON SYSTEMWARE CO.,LTD.
00728	Neosfar
00729	Fliegl Agrartechnik GmbH
00730	Gilvader
00731	Digi International Inc (R)
00732	DeWalch Technologies, Inc.
00733	Flint Rehabilitation Devices, LLC
00734	Samsung SDS Co., Ltd.
00735	Blur Product Development
00736	University of Michigan
00737	Victron Energy BV
00738	NTT docomo
00739	Carmanah Technologies Corp.
00740	Bytestorm Ltd.
00741	Espressif Systems (Shanghai) Co., Ltd.
00742	Unwire
00743	Connected Yard, Inc.
00744	American Music Environments
00745	Sensogram Technologies, Inc.
00746	Fujitsu Limited
00747	Ardic Technology
00749	HTC Corporation
00750	Citizen Holdings Co., Ltd.
00751	SMART-INNOVATION.inc
00752	Blackrat Software
00753	The Idea Cave, LLC
00754	GoPro, Inc.
00755	AuthAir, Inc
00756	Vensi, Inc.
00757	Indagem Tech LLC
00758	Intemo Technologies
00760	Runteq Oy Ltd
00761	IMAGINATION TECHNOLOGIES LTD
00763	Clarius Mobile Health Corp.
00764	Shanghai Frequen Microelectronics Co., Ltd.
00766	Lierda Science & Technology Group Co., Ltd.
00767	Silicon Laboratories
00768	World Moto Inc.
00769	Giatec Scientific Inc.
00770	Loop Devices, Inc
00771	IACA electronique
00772	Oura Health Ltd
00773	Swipp ApS
00774	Life Laboratory Inc.
00775	FUJI INDUSTRIAL CO.,LTD.
00776	Surefire, LLC
00777	Dolby Labs
00778	Ellisys
00779	Magnitude Lighting Converters
00780	Hilti AG
00781	Devdata S.r.l.
00783	Shortcut Labs
00784	SGL Italia S.r.l.
00785	PEEQ DATA
00786	Ducere Technologies Pvt Ltd
00787	DiveNav, Inc.
00788	RIIG AI Sp. z o.o.
00789	Thermo Fisher Scientific
00790	AG Measurematics Pvt. Ltd.
00791	CHUO Electronics CO., LTD.
00792	Aspenta International
00793	Eugster Frismag AG
00794	Wurth Elektronik eiSos GmbH & Co. KG
00795	HQ Inc
00796	Lab Sensor Solutions
00797	Enterlab ApS
00798	Eyefi, Inc.
00799	MetaSystem S.p.A.
00800	SONO ELECTRONICS. CO., LTD
00803	Rotor Bike Components
00804	Astro, Inc.
00806	Healthwear Technologies (Changzhou)Ltd
00807	Essex Electronics
00808	Grundfos A/S
00809	Eargo, Inc.
00810	Electronic Design Lab
00811	ESYLUX
00812	NIPPON SMT.CO.,Ltd
00813	BM innovations GmbH
00814	indoormap
00815	OttoQ Inc
00816	North Pole Engineering
00817	3flares Technologies Inc.
00819	Mul-T-Lock
00820	Airthings ASA
00821	Enlighted Inc
00822	GISTIC
00823	AJP2 Holdings, LLC
00824	COBI GmbH
00825	Blue Sky Scientific, LLC
00826	Appception, Inc.
00827	Courtney Thorne Limited
00829	TPV Technology Limited
00830	Monitra SA
00831	Automation Components, Inc.
00833	Etesian Technologies LLC
00834	GERTEC BRASIL LTDA.
00835	Drekker Development Pty. Ltd.
00836	Whirl Inc
00837	Locus Positioning
00838	Acuity Brands Lighting, Inc
00839	Prevent Biometrics
00841	VersaMe
00843	Libratone A/S
00844	HM Electronics, Inc.
00845	TASER International, Inc.
00847	Heartland Payment Systems
00848	Bitstrata Systems Inc.
00849	Pieps GmbH
00850	iRiding(Xiamen)Technology Co.,Ltd.
00851	Alpha Audiotronics, Inc.
00852	TOPPAN, Inc.
00853	Sigma Designs, Inc.
00854	Spectrum Brands, Inc.
00855	Polymap Wireless
00856	MagniWare Ltd.
00857	Novotec Medical GmbH
00858	Phillips-Medisize A/S
00859	Matrix Inc.
00860	Eaton Corporation
00861	KYS
00862	Naya Health, Inc.
00863	Acromag
00864	Insulet Corporation
00865	Wellinks Inc.
00866	ON Semiconductor
00867	FREELAP SA
00868	Favero Electronics Srl
00869	BioMech Sensor LLC
00870	BOLTT Sports technologies Private limited
00872	Metormote AB
00873	littleBits
00874	SetPoint Medical
00875	BRControls Products BV
00876	Zipcar
00877	AirBolt Pty Ltd
00878	MOTIVE TECHNOLOGIES, INC.
00879	Motiv, Inc.
00880	Wazombi Labs OÜ
00882	Nixie Labs, Inc.
00883	AppNearMe Ltd
00884	Holman Industries
00885	Expain AS
00886	Electronic Temperature Instruments Ltd
00887	Plejd AB
00888	Propeller Health
00889	Shenzhen iMCO Electronic Technology Co.,Ltd
00890	Algoria
00891	Apption Labs Inc.
00892	Cronologics Corporation
00893	MICRODIA Ltd.
00894	lulabytes S.L.
00895	Société des Produits Nestlé S.A.
00896	LLC "MEGA-F service"
00897	Sharp Corporation
00898	Precision Outcomes Ltd
00899	Kronos Incorporated
00901	Embedded Electronic Solutions Ltd. dba e2Solutions
00902	Aterica Inc.
00903	BluStor PMC, Inc.
00904	Kapsch TrafficCom AB
00905	ActiveBlu Corporation
00906	Kohler Mira Limited
00907	Noke
00908	Appion Inc.
00909	Resmed Ltd
00910	Crownstone B.V.
00911	Xiaomi Inc.
00912	INFOTECH s.r.o.
00913	Thingsquare AB
00914	T&D
00915	LAVAZZA S.p.A.
00917	SDATAWAY
00918	BLOKS GmbH
00919	LEGO System A/S
00920	Thetatronics Ltd
00921	Nikon Corporation
00922	NeST
00923	South Silicon Valley Microelectronics
00924	ALE International
00925	CareView Communications, Inc.
00926	SchoolBoard Limited
00927	Molex Corporation
00928	IVT Wireless Limited
00929	Alpine Labs LLC
00930	Candura Instruments
00931	SmartMovt Technology Co., Ltd
00932	Token Zero Ltd
00933	ACE CAD Enterprise Co., Ltd. (ACECAD)
00934	Medela, Inc
00935	AeroScout
00936	Esrille Inc.
00938	Exon Sp. z o.o.
00939	Meizu Technology Co., Ltd.
00941	XiQ
00942	Allswell Inc.
00943	Comm-N-Sense Corp DBA Verigo
00944	VIBRADORM GmbH
00945	Otodata Wireless Network Inc.
00946	Propagation Systems Limited
00947	Midwest Instruments & Controls
00948	Alpha Nodus, inc.
00949	petPOMM, Inc
00950	Mattel
00951	Airbly Inc.
00952	A-Safe Limited
00953	FREDERIQUE CONSTANT SA
00954	Maxscend Microelectronics Company Limited
00955	Abbott
00956	ASB Bank Ltd
00957	amadas
00958	Applied Science, Inc.
00959	iLumi Solutions Inc.
00960	Arch Systems Inc.
00961	Ember Technologies, Inc.
00962	Snapchat Inc
00963	Casambi Technologies Oy
00964	Pico Technology Inc.
00965	St. Jude Medical, Inc.
00966	Intricon
00967	Structural Health Systems, Inc.
00968	Avvel International
00969	Gallagher Group
00970	In2things Automation Pvt. Ltd.
00971	SYSDEV Srl
00972	Vonkil Technologies Ltd
00973	Wynd Technologies, Inc.
00974	CONTRINEX S.A.
00975	MIRA, Inc.
00976	Watteam Ltd
00977	Density Inc.
00978	IOT Pot India Private Limited
00979	Sigma Connectivity AB
00980	PEG PEREGO SPA
00981	Wyzelink Systems Inc.
00982	Yota Devices LTD
00983	FINSECUR
00984	Zen-Me Labs Ltd
00985	3IWare Co., Ltd.
00986	EnOcean GmbH
00987	Instabeat, Inc
00988	Nima Labs
00989	Andreas Stihl AG & Co. KG
00990	Nathan Rhoades LLC
00991	Grob Technologies, LLC
00992	Actions Technology Co.,Ltd
00993	SPD Development Company Ltd
00994	Sensoan Oy
00995	Qualcomm Life Inc
00996	Chip-ing AG
00997	ffly4u
00998	IoT Instruments Oy
00999	TRUE Fitness Technology
01001	SHENZHEN LEMONJOY TECHNOLOGY CO., LTD.
01002	Hello Inc.
01003	Ozo Edu, Inc.
01004	Jigowatts Inc.
01005	BASIC MICRO.COM,INC.
01006	CUBE TECHNOLOGIES
01008	CLINK
01009	Hestan Smart Cooking Inc.
01010	WindowMaster A/S
01012	PAL Technologies Ltd
01013	WHERE, Inc.
01014	Iton Technology Corp.
01015	Owl Labs Inc.
01016	Rockford Corp.
01017	Becon Technologies Co.,Ltd.
01018	Vyassoft Technologies Inc
01019	Nox Medical
01020	Kimberly-Clark
01021	Trimble Inc.
01022	Littelfuse
01023	Withings
01024	i-developer IT Beratung UG
01025	Relations Inc.
01026	Sears Holdings Corporation
01027	Gantner Electronic GmbH
01028	Authomate Inc
01029	Vertex International, Inc.
01031	Swiss Audio SA
01032	ToGetHome Inc.
01034	ZF OPENMATICS s.r.o.
01035	Jana Care Inc.
01037	NorthStar Battery Company, LLC
01038	SKF (U.K.) Limited
01039	CO-AX Technology, Inc.
01040	Fender Musical Instruments
01041	Luidia Inc
01042	SEFAM
01043	Wireless Cables Inc
01046	SODA GmbH
01047	Fatigue Science
01049	Novalogy LTD
01050	Friday Labs Limited
01051	OrthoAccel Technologies
01052	WaterGuru, Inc.
01053	Benning Elektrotechnik und Elektronik GmbH & Co. KG
01054	Dell Computer Corporation
01055	Kopin Corporation
01056	TecBakery GmbH
01057	Backbone Labs, Inc.
01058	DELSEY SA
01059	Chargifi Limited
01060	Trainesense Ltd.
01061	Unify Software and Solutions GmbH & Co. KG
01062	Husqvarna AB
01063	Focus fleet and fuel management inc
01064	SmallLoop, LLC
01065	Prolon Inc.
01066	BD Medical
01067	iMicroMed Incorporated
01068	Ticto N.V.
01069	Meshtech AS
01070	MemCachier Inc.
01071	Danfoss A/S
01072	SnapStyk Inc.
01073	Alticor Inc.
01074	Silk Labs, Inc.
01075	Pillsy Inc.
01076	Hatch Baby, Inc.
01077	Blocks Wearables Ltd.
01078	Drayson Technologies (Europe) Limited
01079	eBest IOT Inc.
01080	Helvar Ltd
01081	Radiance Technologies
01082	Nuheara Limited
01083	Appside co., ltd.
01085	Coiler Corporation
01086	Thermomedics, Inc.
01087	Tentacle Sync GmbH
01088	Valencell, Inc.
01090	SECOM CO., LTD.
01091	Tucker International LLC
01092	Metanate Limited
01093	Kobian Canada Inc.
01094	NETGEAR, Inc.
01095	Fabtronics Australia Pty Ltd
01096	Grand Centrix GmbH
01097	1UP USA.com llc
01098	SHIMANO INC.
01099	Nain Inc.
01100	LifeStyle Lock, LLC
01101	VEGA Grieshaber KG
01102	Xtrava Inc.
01103	TTS Tooltechnic Systems AG & Co. KG
01104	Teenage Engineering AB
01105	Tunstall Nordic AB
01106	Svep Design Center AB
01107	Qorvo Utrecht B.V.
01108	Sphinx Electronics GmbH & Co KG
01110	Nemik Consulting Inc
01111	RF INNOVATION
01112	Mini Solution Co., Ltd.
01114	2048450 Ontario Inc
01116	Delta T Corporation
01117	Boston Scientific Corporation
01118	Nuviz, Inc.
01119	Real Time Automation, Inc.
01120	Kolibree
01121	vhf elektronik GmbH
01122	Bonsai Systems GmbH
01123	Fathom Systems Inc.
01124	Bellman & Symfon Group AB
01125	International Forte Group LLC
01127	Codenex Oy
01128	Kynesim Ltd
01129	Palago AB
01130	INSIGMA INC.
01131	PMD Solutions
01132	Qingdao Realtime Technology Co., Ltd.
01133	BEGA Gantenbrink-Leuchten KG
01134	Pambor Ltd.
01135	Develco Products A/S
01136	iDesign s.r.l.
01137	TiVo Corp
01138	Control-J Pty Ltd
01139	Steelcase, Inc.
01140	iApartment co., ltd.
01141	Icom inc.
01143	Blue Spark Technologies
01144	FarSite Communications Limited
01145	mywerk system GmbH
01146	Sinosun Technology Co., Ltd.
01147	MIYOSHI ELECTRONICS CORPORATION
01149	Occly LLC
01150	OurHub Dev IvS
01151	Pro-Mark, Inc.
01153	Quintrax Limited
01154	POS Tuning Udo Vosshenrich GmbH & Co. KG
01156	Revol Technologies Inc
01157	SKIDATA AG
01158	DEV TECNOLOGIA INDUSTRIA, COMERCIO E MANUTENCAO DE EQUIPAMENTOS LTDA. - ME
01159	Centrica Connected Home
01160	Automotive Data Solutions Inc
01161	Igarashi Engineering
01162	Taelek Oy
01164	Vectronix AG
01165	S-Labs Sp. z o.o.
01166	Companion Medical, Inc.
01167	BlueKitchen GmbH
01168	Matting AB
01169	SOREX - Wireless Solutions GmbH
01170	ADC Technology, Inc.
01171	Lynxemi Pte Ltd
01172	SENNHEISER electronic GmbH & Co. KG
01174	Polymorphic Labs LLC
01175	Cochlear Limited
01176	METER Group, Inc. USA
01177	Ruuvi Innovations Ltd.
01178	Situne AS
01179	nVisti, LLC
01180	DyOcean
01181	Uhlmann & Zacher GmbH
01182	AND!XOR LLC
01183	Popper Pay AB
01186	ovrEngineered, LLC
01187	GT-tronics HK Ltd
01188	Herbert Waldmann GmbH & Co. KG
01189	Guangzhou FiiO Electronics Technology Co.,Ltd
01190	Vinetech Co., Ltd
01191	Dallas Logic Corporation
01192	BioTex, Inc.
01194	LINKIO SAS
01195	Harbortronics, Inc.
01196	Undagrid B.V.
01197	Shure Inc
01198	ERM Electronic Systems LTD
01199	BIOROWER Handelsagentur GmbH
01201	Kartographers Technologies Pvt. Ltd.
01202	The Shadow on the Moon
01203	mobike (Hong Kong) Limited
01204	Inuheat Group AB
01205	Swiftronix AB
01206	Diagnoptics Technologies
01207	Analog Devices, Inc.
01208	Soraa Inc.
01209	CSR Building Products Limited
01210	Crestron Electronics, Inc.
01211	Neatebox Ltd
01212	Draegerwerk AG & Co. KGaA
01213	AlbynMedical
01214	Averos FZCO
01215	VIT Initiative, LLC
01216	Statsports International
01217	Sospitas, s.r.o.
01218	Dmet Products Corp.
01219	Mantracourt Electronics Limited
01220	TeAM Hutchins AB
01221	Seibert Williams Glass, LLC
01222	Insta GmbH
01223	Svantek Sp. z o.o.
01224	Shanghai Flyco Electrical Appliance Co., Ltd.
01225	Thornwave Labs Inc
01226	Steiner-Optik GmbH
01227	Novo Nordisk A/S
01229	Safetech Products LLC
01230	GOOOLED S.R.L.
01231	DOM Sicherheitstechnik GmbH & Co. KG
01232	Olympus Corporation
01233	KTS GmbH
01234	Anloq Technologies Inc.
01235	Queercon, Inc
01236	TASKA PROSTHETICS LIMITED
01237	Gooee Limited
01238	LUGLOC LLC
01239	Blincam, Inc.
01240	FUJIFILM Corporation
01241	RM Acquisition LLC
01242	Franceschi Marina snc
01243	Engineered Audio, LLC.
01244	IOTTIVE (OPC) PRIVATE LIMITED
01245	4MOD Technology
01246	Lutron Electronics Co., Inc.
01247	Emerson Electric Co.
01248	Guardtec, Inc.
01249	REACTEC LIMITED
01251	Under Armour
01252	Woodenshark
01253	Avack Oy
01254	Smart Solution Technology, Inc.
01256	STABILO International
01257	Busch Jaeger Elektro GmbH
01258	Pacific Bioscience Laboratories, Inc
01259	Bird Home Automation GmbH
01260	Motorola Solutions
01262	Auxivia
01263	DaisyWorks, Inc
01264	Kosi Limited
01265	Theben AG
01266	InDreamer Techsol Private Limited
01267	Cerevast Medical
01268	ZanCompute Inc.
01269	Pirelli Tyre S.P.A.
01270	McLear Limited
01271	Shenzhen Goodix Technology Co., Ltd
01272	Convergence Systems Limited
01273	Interactio
01274	Androtec GmbH
01275	Benchmark Drives GmbH & Co. KG
01276	SwingLync L. L. C.
01277	Tapkey GmbH
01278	Woosim Systems Inc.
01279	Microsemi Corporation
01280	Wiliot LTD.
01281	Polaris IND
01282	Specifi-Kali LLC
01283	Locoroll, Inc
01284	PHYPLUS Inc
01285	InPlay, Inc.
01286	Hager
01288	Axes System sp. z o. o.
01289	Garage Smart, Inc.
01290	Shake-on B.V.
01291	Vibrissa Inc.
01292	OSRAM GmbH
01293	TRSystems GmbH
01294	Yichip Microelectronics (Hangzhou) Co.,Ltd.
01295	Foundation Engineering LLC
01296	UNI-ELECTRONICS, INC.
01297	Brookfield Equinox LLC
01298	Soprod SA
01299	9974091 Canada Inc.
01300	FIBRO GmbH
01301	RB Controls Co., Ltd.
01302	Footmarks
01303	Amtronic Sverige AB
01304	MAMORIO.inc
01305	Tyto Life LLC
01306	Leica Camera AG
01308	EDPS
01309	OFF Line Co., Ltd.
01310	Detect Blue Limited
01311	Setec Pty Ltd
01312	Target Corporation
01313	IAI Corporation
01314	NS Tech, Inc.
01315	MTG Co., Ltd.
01316	Hangzhou iMagic Technology Co., Ltd
01317	HONGKONG NANO IC TECHNOLOGIES CO., LIMITED
01318	Honeywell International Inc.
01319	Albrecht JUNG
01320	Lunera Lighting Inc.
01321	Lumen UAB
01322	Keynes Controls Ltd
01323	Novartis AG
01324	Geosatis SA
01325	EXFO, Inc.
01326	LEDVANCE GmbH
01327	Center ID Corp.
01328	Adolene, Inc.
01329	D&M Holdings Inc.
01330	CRESCO Wireless, Inc.
01331	Nura Operations Pty Ltd
01332	Frontiergadget, Inc.
01333	Smart Component Technologies Limited
01334	ZTR Control Systems LLC
01335	MetaLogics Corporation
01336	Medela AG
01337	OPPLE Lighting Co., Ltd
01338	Savitech Corp.,
01339	prodigy
01340	Screenovate Technologies Ltd
01341	TESA SA
01342	CLIM8 LIMITED
01343	Silergy Corp
01344	SilverPlus, Inc
01345	Sharknet srl
01346	Mist Systems, Inc.
01347	MIWA LOCK CO.,Ltd
01348	OrthoSensor, Inc.
01350	Apexar Technologies S.A.
01351	LOGICDATA Electronic & Software Entwicklungs GmbH
01352	Knick Elektronische Messgeraete GmbH & Co. KG
01353	Smart Technologies and Investment Limited
01354	Linough Inc.
01355	Advanced Electronic Designs, Inc.
01356	Carefree Scott Fetzer Co Inc
01357	Sensome
01358	FORTRONIK storitve d.o.o.
01359	Sinnoz
01361	Sylero
01362	Avempace SARL
01363	Nintendo Co., Ltd.
01364	National Instruments
01365	KROHNE Messtechnik GmbH
01366	Otodynamics Ltd
01367	Arwin Technology Limited
01368	benegear, inc.
01369	Newcon Optik
01370	CANDY HOUSE, Inc.
01371	FRANKLIN TECHNOLOGY INC
01372	Lely
01373	Valve Corporation
01374	Hekatron Vertriebs GmbH
01375	PROTECH S.A.S. DI GIRARDI ANDREA & C.
01376	Sarita CareTech APS
01377	Finder S.p.A.
01378	Thalmic Labs Inc.
01379	Steinel GmbH
01380	Beghelli Spa
01382	CORE TRANSPORT TECHNOLOGIES NZ LIMITED
01383	Xiamen Everesports Goods Co., Ltd
01384	Bodyport Inc.
01386	Flipnavi Co.,Ltd.
01387	Rion Co., Ltd.
01388	Long Range Systems, LLC
01389	Redmond Industrial Group LLC
01390	VIZPIN INC.
01391	BikeFinder AS
01392	Consumer Sleep Solutions LLC
01393	PSIKICK, INC.
01394	AntTail.com
01395	Lighting Science Group Corp.
01396	AFFORDABLE ELECTRONICS INC
01397	Integral Memroy Plc
01398	Globalstar, Inc.
01399	True Wearables, Inc.
01400	Wellington Drive Technologies Ltd
01402	OMNI Remotes
01403	Duracell U.S. Operations Inc.
01404	Toor Technologies LLC
01405	Instinct Performance
01406	Beco, Inc
01407	Scuf Gaming International, LLC
01409	LYS TECHNOLOGIES LTD
01410	Breakwall Analytics, LLC
01411	Code Blue Communications
01412	Gira Giersiepen GmbH & Co. KG
01413	Hearing Lab Technology
01414	LEGRAND
01415	Derichs GmbH
01416	ALT-TEKNIK LLC
01417	Star Technologies
01418	START TODAY CO.,LTD.
01419	Maxim Integrated Products
01420	Fracarro Radioindustrie SRL
01421	Jungheinrich Aktiengesellschaft
01422	Meta Platforms Technologies, LLC
01423	HENDON SEMICONDUCTORS PTY LTD
01424	Pur3 Ltd
01425	Viasat Group S.p.A.
01426	IZITHERM
01427	Spaulding Clinical Research
01428	Kohler Company
01429	Inor Process AB
01430	My Smart Blinds
01431	RadioPulse Inc
01432	rapitag GmbH
01433	Lazlo326, LLC.
01434	Teledyne Lecroy, Inc.
01435	Dataflow Systems Limited
01436	Macrogiga Electronics
01437	Tandem Diabetes Care
01438	Polycom, Inc.
01439	Fisher & Paykel Healthcare
01440	Dream Devices Technologies Oy
01441	Shanghai Xiaoyi Technology Co.,Ltd.
01442	ADHERIUM(NZ) LIMITED
01443	Axiomware Systems Incorporated
01444	O. E. M. Controls, Inc.
01445	Kiiroo BV
01446	Telecon Mobile Limited
01447	Sonos Inc
01448	Tom Allebrandi Consulting
01449	Monidor
01450	Tramex Limited
01451	Nofence AS
01452	GoerTek Dynaudio Co., Ltd.
01453	INIA
01454	CARMATE MFG.CO.,LTD
01455	OV LOOP, INC.
01456	NewTec GmbH
01457	Medallion Instrumentation Systems
01458	CAREL INDUSTRIES S.P.A.
01459	Parabit Systems, Inc.
01460	White Horse Scientific ltd
01461	verisilicon
01462	Elecs Industry Co.,Ltd.
01463	Beijing Pinecone Electronics Co.,Ltd.
01464	Ambystoma Labs Inc.
01465	Suzhou Pairlink Network Technology
01466	igloohome
01467	Oxford Metrics plc
01468	Leviton Mfg. Co., Inc.
01469	ULC Robotics Inc.
01471	Real-World-Systems Corporation
01472	Nalu Medical, Inc.
01473	P.I.Engineering
01474	Grote Industries
01475	Runtime, Inc.
01476	Codecoup sp. z o.o. sp. k.
01477	SELVE GmbH & Co. KG
01479	Lippert Components, INC
01480	SOMFY SAS
01481	TBS Electronics B.V.
01482	MHL Custom Inc
01483	LucentWear LLC
01484	WATTS ELECTRONICS
01485	RJ Brands LLC
01486	V-ZUG Ltd
01487	Biowatch SA
01488	Anova Applied Electronics
01489	Lindab AB
01490	frogblue TECHNOLOGY GmbH
01491	Acurable Limited
01492	LAMPLIGHT Co., Ltd.
01493	TEGAM, Inc.
01494	Zhuhai Jieli technology Co.,Ltd
01495	modum.io AG
01496	Farm Jenny LLC
01497	Toyo Electronics Corporation
01498	Applied Neural Research Corp
01499	Avid Identification Systems, Inc.
01500	Petronics Inc.
01501	essentim GmbH
01502	QT Medical INC.
01503	VIRTUALCLINIC.DIRECT LIMITED
01504	Viper Design LLC
01505	Human, Incorporated
01506	stAPPtronics GmbH
01507	Elemental Machines, Inc.
01508	Taiyo Yuden Co., Ltd
01509	INEO ENERGY& SYSTEMS
01510	Motion Instruments Inc.
01511	PressurePro
01512	COWBOY
01513	iconmobile GmbH
01514	ACS-Control-System GmbH
01515	Bayerische Motoren Werke AG
01516	Gycom Svenska AB
01517	Fuji Xerox Co., Ltd
01519	SIKOM AS
01520	beken
01521	The Linux Foundation
01522	Try and E CO.,LTD.
01523	SeeScan
01524	Clearity, LLC
01525	GS TAG
01526	DPTechnics
01527	TRACMO, INC.
01528	Anki Inc.
01529	Hagleitner Hygiene International GmbH
01530	Konami Sports Life Co., Ltd.
01531	Arblet Inc.
01532	Masbando GmbH
01533	Innoseis
01534	Niko nv
01535	Wellnomics Ltd
01536	iRobot Corporation
01537	Schrader Electronics
01538	Geberit International AG
01539	Fourth Evolution Inc
01541	FMW electronic Futterer u. Maier-Wolf OHG
01542	John Deere
01543	Rookery Technology Ltd
01544	KeySafe-Cloud
01545	BUCHI Labortechnik AG
01546	IQAir AG
01547	Triax Technologies Inc
01548	Vuzix Corporation
01549	TDK Corporation
01550	Blueair AB
01551	Signify Netherlands B.V.
01552	ADH GUARDIAN USA LLC
01553	Beurer GmbH
01554	Playfinity AS
01555	Hans Dinslage GmbH
01556	OnAsset Intelligence, Inc.
01557	INTER ACTION Corporation
01558	OS42 UG (haftungsbeschraenkt)
01560	Audio-Technica Corporation
01561	Six Guys Labs, s.r.o.
01562	R.W. Beckett Corporation
01563	silex technology, inc.
01564	Univations Limited
01565	SENS Innovation ApS
01566	Diamond Kinetics, Inc.
01567	Phrame Inc.
01568	Forciot Oy
01569	Noordung d.o.o.
01570	Beam Labs, LLC
01572	Biovotion AG
01573	Square Panda, Inc.
01574	Amplifico
01575	WEG S.A.
01576	Ensto Oy
01577	PHONEPE PVT LTD
01579	MinebeaMitsumi Inc.
01580	ASPion GmbH
01581	Vossloh-Schwabe Deutschland GmbH
01582	Procept
01583	ONKYO Corporation
01584	Asthrea D.O.O.
01585	Fortiori Design LLC
01586	Hugo Muller GmbH & Co KG
01587	Wangi Lai PLT
01588	Fanstel Corp
01589	Crookwood
01590	ELECTRONICA INTEGRAL DE SONIDO S.A.
01591	GiP Innovation Tools GmbH
01592	LX SOLUTIONS PTY LIMITED
01593	Shenzhen Minew Technologies Co., Ltd.
01594	Prolojik Limited
01595	Kromek Group Plc
01596	Contec Medical Systems Co., Ltd.
01597	Xradio Technology Co.,Ltd.
01598	The Indoor Lab, LLC
01599	LDL TECHNOLOGY
01600	Dish Network LLC
01601	Revenue Collection Systems FRANCE SAS
01602	Bluetrum Technology Co.,Ltd
01603	makita corporation
01604	Apogee Instruments
01605	BM3
01606	SGV Group Holding GmbH & Co. KG
01607	MED-EL
01608	Ultune Technologies
01609	Ryeex Technology Co.,Ltd.
01610	Open Research Institute, Inc.
01611	Scale-Tec, Ltd
01612	Zumtobel Group AG
01613	iLOQ Oy
01614	KRUXWorks Technologies Private Limited
01615	Digital Matter Pty Ltd
01616	Coravin, Inc.
01617	Stasis Labs, Inc.
01618	ITZ Innovations- und Technologiezentrum GmbH
01619	Meggitt SA
01620	Ledlenser GmbH & Co. KG
01621	Renishaw PLC
01622	ZhuHai AdvanPro Technology Company Limited
01623	Meshtronix Limited
01624	Payex Norge AS
01625	UnSeen Technologies Oy
01626	Marshall Group AB
01627	Sesam Solutions BV
01628	PixArt Imaging Inc.
01629	Panduit Corp.
01630	Alo AB
01631	Ricoh Company Ltd
01632	RTC Industries, Inc.
01633	Mode Lighting Limited
01634	Particle Industries, Inc.
01635	Advanced Telemetry Systems, Inc.
01636	RHA TECHNOLOGIES LTD
01637	Pure International Limited
01638	WTO Werkzeug-Einrichtungen GmbH
01640	Bleb Technology srl
01641	Livanova USA, Inc.
01642	Brady Worldwide Inc.
01643	DewertOkin GmbH
01644	Ztove ApS
01645	Venso EcoSolutions AB
01646	Eurotronik Kranj d.o.o.
01647	Hug Technology Ltd
01648	Gema Switzerland GmbH
01649	Buzz Products Ltd.
01650	Kopi
01651	Innova Ideas Limited
01652	BeSpoon
01654	Expai Solutions Private Limited
01655	Innovation First, Inc.
01656	SABIK Offshore GmbH
01657	4iiii Innovations Inc.
01658	The Energy Conservatory, Inc.
01659	I.FARM, INC.
01660	Tile, Inc.
01661	Form Athletica Inc.
01663	NETGRID S.N.C. DI BISSOLI MATTEO, CAMPOREALE SIMONE, TOGNETTI FEDERICO
01664	Mannkind Corporation
01665	Trade FIDES a.s.
01666	Photron Limited
01667	Eltako GmbH
01668	Dermalapps, LLC
01669	Greenwald Industries
01670	inQs Co., Ltd.
01671	Cherry GmbH
01672	Amsted Digital Solutions Inc.
01673	Tacx b.v.
01674	Raytac Corporation
01675	Jiangsu Teranovo Tech Co., Ltd.
01678	Razer Inc.
01679	JRM Group Limited
01680	Eccrine Systems, Inc.
01681	Curie Point AB
01682	Georg Fischer AG
01683	Hach - Danaher
01684	T&A Laboratories LLC
01685	Koki Holdings Co., Ltd.
01686	Gunakar Private Limited
01687	Stemco Products Inc
01688	Wood IT Security, LLC
01689	RandomLab SAS
01690	Adero, Inc.
01691	Dragonchip Limited
01692	Noomi AB
01694	Delta Electronics, Inc.
01695	FlowMotion Technologies AS
01696	OBIQ Location Technology Inc.
01697	Cardo Systems, Ltd
01698	Globalworx GmbH
01699	Nymbus, LLC
01700	LIMNO Co. Ltd.
01701	TEKZITEL PTY LTD
01702	Roambee Corporation
01703	Chipsea Technologies (ShenZhen) Corp.
01704	GD Midea Air-Conditioning Equipment Co., Ltd.
01705	Soundmax Electronics Limited
01706	Produal Oy
01707	HMS Industrial Networks AB
01708	Ingchips Technology Co., Ltd.
01709	InnovaSea Systems Inc.
01710	SenseQ Inc.
01711	Shoof Technologies
01712	BRK Brands, Inc.
01713	SimpliSafe, Inc.
01714	Tussock Innovation 2013 Limited
01716	Sencilion Oy
01717	Wabilogic Ltd.
01718	Sociometric Solutions, Inc.
01719	iCOGNIZE GmbH
01720	ShadeCraft, Inc
01721	Beflex Inc.
01722	Beaconzone Ltd
01723	Leaftronix Analogic Solutions Private Limited
01724	TWS Srl
01725	ABB Oy
01726	HitSeed Oy
01728	CAME S.p.A.
01729	Alarm.com Holdings, Inc
01730	Measurlogic Inc.
01731	King I Electronics.Co.,Ltd
01732	Dream Labs GmbH
01733	Urban Compass, Inc
01734	Simm Tronic Limited
01736	Storz & Bickel GmbH & Co. KG
01737	MYLAPS B.V.
01738	Shenzhen Zhongguang Infotech Technology Development Co., Ltd
01739	Dyeware, LLC
01740	Dongguan SmartAction Technology Co.,Ltd.
01741	DIG Corporation
01742	FIOR & GENTZ
01744	Etekcity Corporation
01745	Meyer Sound Laboratories, Incorporated
01746	CeoTronics AG
01749	Sensirion AG
01750	JCT Healthcare Pty Ltd
01751	FUBA Automotive Electronics GmbH
01752	AW Company
01753	Shanghai Mountain View Silicon Co.,Ltd.
01754	Zliide Technologies ApS
01755	Automatic Labs, Inc.
01756	Industrial Network Controls, LLC
01757	Intellithings Ltd.
01758	Navcast, Inc.
01759	HLI Solutions Inc.
01760	Avaya Inc.
01761	Milestone AV Technologies LLC
01762	Alango Technologies Ltd
01763	Spinlock Ltd
01764	Aluna
01765	OPTEX CO.,LTD.
01766	NIHON DENGYO KOUSAKU
01767	VELUX A/S
01768	Almendo Technologies GmbH
01769	Zmartfun Electronics, Inc.
01770	SafeLine Sweden AB
01771	Houston Radar LLC
01773	J Neades Ltd
01775	ALCARE Co., Ltd.
01776	Chargy Technologies, SL
01777	Shibutani Co., Ltd.
01778	Trapper Data AB
01779	Alfred International Inc.
01780	Touché Technology Ltd
01781	Vigil Technologies Inc.
01782	Vitulo Plus BV
01783	WILKA Schliesstechnik GmbH
01784	BodyPlus Technology Co.,Ltd
01785	happybrush GmbH
01786	Enequi AB
01787	Sartorius AG
01788	Tom Communication Industrial Co.,Ltd.
01789	ESS Embedded System Solutions Inc.
01790	Mahr GmbH
01791	Redpine Signals Inc
01792	TraqFreq LLC
01793	PAFERS TECH
01794	Akciju sabiedriba "SAF TEHNIKA"
01795	Beijing Jingdong Century Trading Co., Ltd.
01796	JBX Designs Inc.
01797	AB Electrolux
01798	Wernher von Braun Center for ASdvanced Research
01799	Essity Hygiene and Health Aktiebolag
01800	Be Interactive Co., Ltd
01801	Carewear Corp.
01803	Element Products, Inc.
01804	Beijing Winner Microelectronics Co.,Ltd
01805	SmartSnugg Pty Ltd
01806	FiveCo Sarl
01807	California Things Inc.
01808	Audiodo AB
01809	ABAX AS
01810	Bull Group Company Limited
01811	Respiri Limited
01812	MindPeace Safety LLC
01813	MBARC LABS Inc
01814	Altonics
01816	IDIBAIX enginneering
01817	COREIOT PTY LTD
01818	REVSMART WEARABLE HK CO LTD
01819	Precor
01820	F5 Sports, Inc
01821	exoTIC Systems
01822	DONGGUAN HELE ELECTRONICS CO., LTD
01823	Dongguan Liesheng Electronic Co.Ltd
01824	Oculeve, Inc.
01825	Clover Network, Inc.
01826	Xiamen Eholder Electronics Co.Ltd
01827	Ford Motor Company
01828	Guangzhou SuperSound Information Technology Co.,Ltd
01829	Tedee Sp. z o.o.
01830	PHC Corporation
01832	Eli Lilly and Company
01833	SwaraLink Technologies
01834	JMR embedded systems GmbH
01835	Bitkey Inc.
01836	GWA Hygiene GmbH
01837	Safera Oy
01838	Open Platform Systems LLC
01839	OnePlus Electronics (Shenzhen) Co., Ltd.
01840	Wildlife Acoustics, Inc.
01841	ABLIC Inc.
01842	Dairy Tech, LLC
01843	Iguanavation, Inc.
01844	DiUS Computing Pty Ltd
01845	UpRight Technologies LTD
01846	Luna XIO, Inc.
01847	LLC Navitek
01848	Glass Security Pte Ltd
01849	Jiangsu Qinheng Co., Ltd.
01850	Chandler Systems Inc.
01851	Fantini Cosmi s.p.a.
01853	Beijing Hao Heng Tian Tech Co., Ltd.
01854	Bluepack S.R.L.
01855	Beijing Unisoc Technologies Co., Ltd.
01857	MAC SRL
01858	DML LLC
01859	Sanofi
01860	SOCOMEC
01861	WIZNOVA, Inc.
01862	Seitec Elektronik GmbH
01863	OR Technologies Pty Ltd
01864	GuangZhou KuGou Computer Technology Co.Ltd
01865	DIAODIAO (Beijing) Technology Co., Ltd.
01866	Illusory Studios LLC
01867	Sarvavid Software Solutions LLP
01869	Amtech Systems, LLC
01870	EAGLE DETECTION SA
01871	MEDIATECH S.R.L.
01872	Hamilton Professional Services of Canada Incorporated
01873	Changsha JEMO IC Design Co.,Ltd
01874	Elatec GmbH
01875	JLG Industries, Inc.
01876	Michael Parkin
01877	Brother Industries, Ltd
01878	Lumens For Less, Inc
01879	ELA Innovation
01880	umanSense AB
01881	Shanghai InGeek Cyber Security Co., Ltd.
01882	HARMAN CO.,LTD.
01883	Smart Sensor Devices AB
01884	Antitronics Inc.
01885	RHOMBUS SYSTEMS, INC.
01886	Katerra Inc.
01887	Remote Solution Co., LTD.
01888	Vimar SpA
01889	Mantis Tech LLC
01890	TerOpta Ltd
01891	PIKOLIN S.L.
01892	WWZN Information Technology Company Limited
01893	Voxx International
01894	ART AND PROGRAM, INC.
01895	NITTO DENKO ASIA TECHNICAL CENTRE PTE. LTD.
01896	Peloton Interactive Inc.
01897	Force Impact Technologies
01898	Dmac Mobile Developments, LLC
01899	Engineered Medical Technologies
01900	Noodle Technology inc
01901	Graesslin GmbH
01902	WuQi technologies, Inc.
01903	Successful Endeavours Pty Ltd
01904	InnoCon Medical ApS
01905	Corvex Connected Safety
01906	Thirdwayv Inc.
01908	C-MAX Asia Limited
01909	4eBusiness GmbH
01910	Cyber Transport Control GmbH
01911	Cue
01912	KOAMTAC INC.
01913	Loopshore Oy
01914	Niruha Systems Private Limited
01916	radius co., ltd.
01917	Sensority, s.r.o.
01918	Sparkage Inc.
01919	Glenview Software Corporation
01920	Finch Technologies Ltd.
01921	Qingping Technology (Beijing) Co., Ltd.
01922	DeviceDrive AS
01923	ESEMBER LIMITED LIABILITY COMPANY
01924	audifon GmbH & Co. KG
01925	O2 Micro, Inc.
01928	BubblyNet, LLC
01929	PCB Piezotronics, Inc.
01930	The Wildflower Foundation
01931	Optikam Tech Inc.
01932	MINIBREW HOLDING B.V
01933	Cybex GmbH
01934	FUJIMIC NIIGATA, INC.
01935	Hanna Instruments, Inc.
01936	KOMPAN A/S
01937	Scosche Industries, Inc.
01938	Cricut, Inc.
01939	AEV spol. s r.o.
01940	The Coca-Cola Company
01941	GASTEC CORPORATION
01942	StarLeaf Ltd
01943	Water-i.d. GmbH
01944	HoloKit, Inc.
01945	PlantChoir Inc.
01946	GuangDong Oppo Mobile Telecommunications Corp., Ltd.
01947	CST ELECTRONICS (PROPRIETARY) LIMITED
01948	Sky UK Limited
01949	Digibale Pty Ltd
01950	Smartloxx GmbH
01951	Pune Scientific LLP
01952	Regent Beleuchtungskorper AG
01954	Roku, Inc.
01956	Xiamen Mage Information Technology Co., Ltd.
01957	RAB Lighting, Inc.
01958	Musen Connect, Inc.
01959	Zume, Inc.
01960	conbee GmbH
01961	Bruel & Kjaer Sound & Vibration
01962	The Kroger Co.
01963	Granite River Solutions, Inc.
01964	LoupeDeck Oy
01965	New H3C Technologies Co.,Ltd
01966	Aurea Solucoes Tecnologicas Ltda.
01967	Hong Kong Bouffalo Lab Limited
01968	GV Concepts Inc.
01969	Thomas Dynamics, LLC
01970	Moeco IOT Inc.
01971	2N TELEKOMUNIKACE a.s.
01972	Hormann KG Antriebstechnik
01973	CRONO CHIP, S.L.
01974	Soundbrenner Limited
01975	ETABLISSEMENTS GEORGES RENAULT
01976	iSwip
01978	Battery-Biz Inc.
01979	EPIC S.R.L.
01981	Genedrive Diagnostics Ltd
01982	Axentia Technologies AB
01983	REGULA Ltd.
01984	Biral AG
01986	Radinn AB
01987	CIMTechniques, Inc.
01988	Johnson Health Tech NA
01989	June Life, Inc.
01990	Bluenetics GmbH
01991	iaconicDesign Inc.
01992	WRLDS Creations AB
01993	Skullcandy, Inc.
01995	West Pharmaceutical Services, Inc.
01996	Barnacle Systems Inc.
01997	Smart Wave Technologies Canada Inc
01998	Shanghai Top-Chip Microelectronics Tech. Co., LTD
01999	NeoSensory, Inc.
02000	Hangzhou Tuya Information Technology Co., Ltd
02001	Shanghai Panchip Microelectronics Co., Ltd
02002	React Accessibility Limited
02003	LIVNEX Co.,Ltd.
02004	Kano Computing Limited
02005	hoots classic GmbH
02006	ecobee Inc.
02007	Nanjing Qinheng Microelectronics Co., Ltd
02008	SOLUTIONS AMBRA INC.
02009	Micro-Design, Inc.
02010	STARLITE Co., Ltd.
02011	Remedee Labs
02012	ThingOS GmbH & Co KG
02013	Linear Circuits
02014	Unlimited Engineering SL
02015	Snap-on Incorporated
02016	Edifier International Limited
02018	Alfred Kaercher SE & Co. KG
02019	Airoha Technology Corp.
02020	Geeksme S.L.
02021	Minut, Inc.
02022	Waybeyond Limited
02023	Komfort IQ, Inc.
02024	Packetcraft, Inc.
02025	Häfele GmbH & Co KG
02026	ShapeLog, Inc.
02027	NOVABASE S.R.L.
02028	Frecce LLC
02029	Joule IQ, INC.
02030	KidzTek LLC
02031	Aktiebolaget Sandvik Coromant
02032	e-moola.com Pty Ltd
02033	Zimi Innovations Pty Ltd
02034	SERENE GROUP, INC
02035	DIGISINE ENERGYTECH CO. LTD.
02036	MEDIRLAB Orvosbiologiai Fejleszto Korlatolt Felelossegu Tarsasag
02037	Byton North America Corporation
02038	Shenzhen TonliScience and Technology Development Co.,Ltd
02039	Cesar Systems Ltd.
02040	quip NYC Inc.
02042	Klipsch Group, Inc.
02043	Access Co., Ltd
02044	Renault SA
02045	JSK CO., LTD.
02046	BIROTA
02047	maxon motor ltd.
02048	Optek
02049	CRONUS ELECTRONICS LTD
02050	NantSound, Inc.
02051	Domintell s.a.
02052	Andon Health Co.,Ltd
02053	Urbanminded Ltd
02054	TYRI Sweden AB
02055	ECD Electronic Components GmbH Dresden
02056	SISTEMAS KERN, SOCIEDAD ANÓMINA
02057	Trulli Audio
02058	Altaneos
02059	Nanoleaf Canada Limited
02060	Ingy B.V.
02061	Azbil Co.
02062	TATTCOM LLC
02063	Paradox Engineering SA
02064	LECO Corporation
02065	Becker Antriebe GmbH
02066	Mstream Technologies., Inc.
02067	Flextronics International USA Inc.
02068	Ossur hf.
02069	SKC Inc
02070	SPICA SYSTEMS LLC
02071	Wangs Alliance Corporation
02072	tatwah SA
02073	Hunter Douglas Inc
02074	Shenzhen Conex
02075	DIM3
02076	Bobrick Washroom Equipment, Inc.
02077	Potrykus Holdings and Development LLC
02078	iNFORM Technology GmbH
02079	eSenseLab LTD
02080	Brilliant Home Technology, Inc.
02081	INOVA Geophysical, Inc.
02082	adafruit industries
02084	8Power Limited
02085	CME PTE. LTD.
02086	Hyundai Motor Company
02087	Kickmaker
02088	Shanghai Suisheng Information Technology Co., Ltd.
02089	HEXAGON METROLOGY DIVISION ROMER
02090	Mitutoyo Corporation
02091	shenzhen fitcare electronics Co.,Ltd
02092	INGICS TECHNOLOGY CO., LTD.
02093	INCUS PERFORMANCE LTD.
02094	ABB S.p.A.
02095	Blippit AB
02097	Foxble, LLC
02098	Intermotive,Inc.
02099	Conneqtech B.V.
02100	RIKEN KEIKI CO., LTD.,
02101	Canopy Growth Corporation
02102	Bitwards Oy
02103	vivo Mobile Communication Co., Ltd.
02104	Etymotic Research, Inc.
02105	A puissance 3
02106	BPW Bergische Achsen Kommanditgesellschaft
02107	Piaggio Fast Forward
02108	BeerTech LTD
02109	Tokenize, Inc.
02110	Zorachka LTD
02111	D-Link Corp.
02112	Down Range Systems LLC
02113	General Luminaire (Shanghai) Co., Ltd.
02114	Tangshan HongJia electronic technology co., LTD.
02115	FRAGRANCE DELIVERY TECHNOLOGIES LTD
02116	Pepperl + Fuchs GmbH
02117	Dometic Corporation
02118	USound GmbH
02119	DNANUDGE LIMITED
02120	JUJU JOINTS CANADA CORP.
02121	Dopple Technologies B.V.
02122	ARCOM
02123	Biotechware SRL
02124	ORSO Inc.
02125	SafePort
02126	Carol Cole Company
02127	Embedded Fitness B.V.
02128	Yealink (Xiamen) Network Technology Co.,LTD
02129	Subeca, Inc.
02130	Cognosos, Inc.
02131	Pektron Group Limited
02132	Tap Sound System
02133	Helios Sports, Inc.
02134	Canopy Growth Corporation
02135	Parsyl Inc
02136	SOUNDBOKS
02137	BlueUp
02138	DAKATECH
02139	Nisshinbo Micro Devices Inc.
02140	ACOS CO.,LTD.
02141	Guilin Zhishen Information Technology Co.,Ltd.
02142	Krog Systems LLC
02144	Alflex Products B.V.
02145	SmartSensor Labs Ltd
02146	SmartDrive
02147	Yo-tronics Technology Co., Ltd.
02148	Rafaelmicro
02149	Emergency Lighting Products Limited
02150	LAONZ Co.,Ltd
02151	Western Digital Techologies, Inc.
02152	WIOsense GmbH & Co. KG
02153	EVVA Sicherheitstechnologie GmbH
02154	Odic Incorporated
02155	Pacific Track, LLC
02156	Revvo Technologies, Inc.
02157	Biometrika d.o.o.
02158	Vorwerk Elektrowerke GmbH & Co. KG
02159	Trackunit A/S
02160	Wyze Labs, Inc
02161	Dension Elektronikai Kft.
02162	11 Health & Technologies Limited
02163	Innophase Incorporated
02164	Treegreen Limited
02165	Berner International LLC
02166	SmartResQ ApS
02167	Valtech
02168	The Chamberlain Group, Inc.
02169	MIZUNO Corporation
02170	ZRF, LLC
02171	BYSTAMP
02172	Crosscan GmbH
02173	Konftel AB
02174	1bar.net Limited
02175	Phillips Connect Technologies LLC
02176	imagiLabs AB
02177	Optalert
02178	PSYONIC, Inc.
02179	Wintersteiger AG
02180	Controlid Industria, Comercio de Hardware e Servicos de Tecnologia Ltda
02182	Movella Technologies B.V.
02183	Hydro-Gear Limited Partnership
02184	EnPointe Fencing Pty Ltd
02185	XANTHIO
02186	sclak s.r.l.
02187	Tricorder Arraay Technologies LLC
02188	GB Solution co.,Ltd
02189	Soliton Systems K.K.
02191	Tait International Limited
02192	NICHIEI INTEC CO., LTD.
02193	SmartWireless GmbH & Co. KG
02194	Ingenieurbuero Birnfeld UG (haftungsbeschraenkt)
02195	Maytronics Ltd
02196	EPIFIT
02197	Gimer medical
02198	Nokian Renkaat Oyj
02199	Current Lighting Solutions LLC
02201	SFS unimarket AG
02202	Private limited company "Teltonika"
02203	Saucon Technologies
02204	Embedded Devices Co. Company
02205	J-J.A.D.E. Enterprise LLC
02206	i-SENS, inc.
02207	Witschi Electronic Ltd
02208	Aclara Technologies LLC
02209	EXEO TECH CORPORATION
02210	Epic Systems Co., Ltd.
02211	Hoffmann SE
02212	Realme Chongqing Mobile Telecommunications Corp., Ltd.
02214	Intelligenceworks Inc.
02215	TGR 1.618 Limited
02216	Shanghai Kfcube Inc
02217	Fraunhofer IIS
02218	SZ DJI TECHNOLOGY CO.,LTD
02219	Coburn Technology, LLC
02220	Topre Corporation
02221	Kayamatics Limited
02222	Moticon ReGo AG
02223	Polidea Sp. z o.o.
02224	Trivedi Advanced Technologies LLC
02225	CORE|vision BV
02226	PF SCHWEISSTECHNOLOGIE GMBH
02227	IONIQ Skincare GmbH & Co. KG
02228	Sengled Co., Ltd.
02230	Boehringer Ingelheim Vetmedica GmbH
02231	ABB Inc
02232	Check Technology Solutions LLC
02233	U-Shin Ltd.
02234	HYPER ICE, INC.
02235	Tokai-rika co.,ltd.
02236	Prevayl Limited
02237	bf1systems limited
02238	ubisys technologies GmbH
02239	SIRC Co., Ltd.
02240	Accent Advanced Systems SLU
02241	Rayden.Earth LTD
02242	Lindinvent AB
02243	CHIPOLO d.o.o.
02245	J. Wagner GmbH
02247	Monadnock Systems Ltd.
02248	Liteboxer Technologies Inc.
02249	Noventa AG
02250	Nubia Technology Co.,Ltd.
02251	JT INNOVATIONS LIMITED
02252	TGM TECHNOLOGY CO., LTD.
02253	ifly
02254	ZIMI CORPORATION
02255	betternotstealmybike UG (with limited liability)
02256	ESTOM Infotech Kft.
02257	Sensovium Inc.
02258	Virscient Limited
02259	Novel Bits, LLC
02260	ADATA Technology Co., LTD.
02261	KEYes
02263	Inovonics Corp
02264	WARES
02265	Pointr Labs Limited
02266	Miridia Technology Incorporated
02267	Tertium Technology
02268	SHENZHEN AUKEY E BUSINESS CO., LTD
02269	code-Q
02270	TE Connectivity Corporation
02271	IRIS OHYAMA CO.,LTD.
02272	Philia Technology
02273	KOZO KEIKAKU ENGINEERING Inc.
02274	Shenzhen Simo Technology co. LTD
02275	Republic Wireless, Inc.
02276	Rashidov ltd
02277	Crowd Connected Ltd
02278	Eneso Tecnologia de Adaptacion S.L.
02279	Barrot Technology Co.,Ltd.
02280	Naonext
02281	Taiwan Intelligent Home Corp.
02282	COWBELL ENGINEERING CO.,LTD.
02283	Beijing Big Moment Technology Co., Ltd.
02284	Denso Corporation
02285	IMI Hydronic Engineering International SA
02286	Askey Computer Corp.
02287	Cumulus Digital Systems, Inc
02288	Joovv, Inc.
02289	The L.S. Starrett Company
02290	Microoled
02291	PSP - Pauli Services & Products GmbH
02292	Kodimo Technologies Company Limited
02293	Tymtix Technologies Private Limited
02294	Dermal Photonics Corporation
02295	MTD Products Inc & Affiliates
02296	instagrid GmbH
02297	Spacelabs Medical Inc.
02299	Darkglass Electronics Oy
02300	Hill-Rom
02301	BioIntelliSense, Inc.
02302	Ketronixs Sdn Bhd
02303	Plastimold Products, Inc
02304	Beijing Zizai Technology Co., LTD.
02305	Lucimed
02306	TSC Auto-ID Technology Co., Ltd.
02307	DATAMARS, Inc.
02308	SUNCORPORATION
02309	Yandex Services AG
02310	Scope Logistical Solutions
02311	User Hello, LLC
02312	Pinpoint Innovations Limited
02313	70mai Co.,Ltd.
02314	Zhuhai Hoksi Technology CO.,LTD
02315	EMBR labs, INC
02316	Radiawave Technologies Co.,Ltd.
02318	OPTIMUSIOT TECH LLP
02319	VC Inc.
02320	ASR Microelectronics (Shanghai) Co., Ltd.
02321	Douglas Lighting Controls Inc.
02322	Nerbio Medical Software Platforms Inc
02323	Braveheart Wireless, Inc.
02324	INEO-SENSE
02325	Honda Motor Co., Ltd.
02326	Ambient Sensors LLC
02327	ASR Microelectronics(ShenZhen)Co., Ltd.
02329	NO SMD LIMITED
02330	Albertronic BV
02331	Luminostics, Inc.
02332	Oblamatik AG
02333	Innokind, Inc.
02334	Melbot Studios, Sociedad Limitada
02335	Myzee Technology
02337	KAHA PTE. LTD.
02338	Shanghai MXCHIP Information Technology Co., Ltd.
02339	JSB TECH PTE LTD
02341	Yukai Engineering Inc.
02342	Gooligum Technologies Pty Ltd
02343	ROOQ GmbH
02344	AiRISTA
02345	Qingdao Haier Technology Co., Ltd.
02346	Sappl Verwaltungs- und Betriebs GmbH
02347	TekHome
02348	PCI Private Limited
02349	Leggett & Platt, Incorporated
02350	PS GmbH
02351	C.O.B.O. SpA
02352	James Walker RotaBolt Limited
02353	BREATHINGS Co., Ltd.
02355	SRAM
02356	KiteSpring Inc.
02357	Reconnect, Inc.
02358	Elekon AG
02359	RealThingks GmbH
02360	Henway Technologies, LTD.
02361	ASTEM Co.,Ltd.
02362	LinkedSemi Microelectronics (Xiamen) Co., Ltd
02363	ENSESO LLC
02364	Xenoma Inc.
02365	Adolf Wuerth GmbH & Co KG
02366	Catalyft Labs, Inc.
02367	JEPICO Corporation
02368	Hero Workout GmbH
02369	Rivian Automotive, LLC
02370	TRANSSION HOLDINGS LIMITED
02372	Agitron d.o.o.
02373	Globe (Jiangsu) Co., Ltd
02374	AMC International Alfa Metalcraft Corporation AG
02375	First Light Technologies Ltd.
02376	Wearable Link Limited
02377	Metronom Health Europe
02378	Zwift, Inc.
02379	Kindeva Drug Delivery L.P.
02380	GimmiSys GmbH
02381	tkLABS INC.
02382	PassiveBolt, Inc.
02383	Limited Liability Company "Mikrotikls"
02384	Capetech
02385	PPRS
02386	Apptricity Corporation
02387	LogiLube, LLC
02388	Julbo
02389	Breville Group
02390	Kerlink
02391	Ohsung Electronics
02392	ZTE Corporation
02393	HerdDogg, Inc
02395	Lismore Instruments Limited
02396	LogiLube, LLC
02397	Electronic Theatre Controls
02398	BioEchoNet inc.
02399	NUANCE HEARING LTD
02400	Sena Technologies Inc.
02401	Linkura AB
02402	GL Solutions K.K.
02403	Moonbird BV
02404	Countrymate Technology Limited
02405	Asahi Kasei Corporation
02406	PointGuard, LLC
02407	Neo Materials and Consulting Inc.
02408	Actev Motors, Inc.
02409	Woan Technology (Shenzhen) Co., Ltd.
02410	dricos, Inc.
02411	Guide ID B.V.
02413	Gunwerks, LLC
02414	Band Industries, inc.
02416	IBA Dosimetry GmbH
02417	GA
02419	Popit Oy
02420	ABEYE
02421	BlueIOT(Beijing) Technology Co.,Ltd
02422	Fauna Audio GmbH
02423	TOYOTA motor corporation
02424	ZifferEins GmbH & Co. KG
02425	BIOTRONIK SE & Co. KG
02426	CORE CORPORATION
02427	CTEK Sweden AB
02428	Thorley Industries, LLC
02429	CLB B.V.
02430	SonicSensory Inc
02431	ISEMAR S.R.L.
02432	DEKRA TESTING AND CERTIFICATION, S.A.U.
02433	Bernard Krone Holding SE & Co.KG
02434	ELPRO-BUCHS AG
02435	Feedback Sports LLC
02436	TeraTron GmbH
02438	Cello Hill, LLC
02439	TSE BRAKES, INC.
02440	BHM-Tech Produktionsgesellschaft m.b.H
02441	WIKA Alexander Wiegand SE & Co.KG
02442	Biovigil
02443	Mequonic Engineering, S.L.
02444	bGrid B.V.
02446	ADVEEZ
02447	Aktiebolaget Regin
02448	Anton Paar GmbH
02449	Telenor ASA
02450	Big Kaiser Precision Tooling Ltd
02451	Absolute Audio Labs B.V.
02452	VT42 Pty Ltd
02453	Bronkhorst High-Tech B.V.
02454	C. & E. Fein GmbH
02455	NextMind
02456	Pixie Dust Technologies, Inc.
02457	eTactica ehf
02458	New Audio LLC
02459	Sendum Wireless Corporation
02460	deister electronic GmbH
02461	YKK AP Inc.
02462	Step One Limited
02463	Koya Medical, Inc.
02464	Proof Diagnostics, Inc.
02465	VOS Systems, LLC
02466	ENGAGENOW DATA SCIENCES PRIVATE LIMITED
02467	ARDUINO SA
02468	KUMHO ELECTRICS, INC
02469	Security Enhancement Systems, LLC
02470	BEIJING ELECTRIC VEHICLE CO.,LTD
02471	Paybuddy ApS
02472	KHN Solutions LLC
02473	Nippon Ceramic Co.,Ltd.
02474	PHOTODYNAMIC INCORPORATED
02475	DashLogic, Inc.
02476	Ambiq
02477	Narhwall Inc.
02478	Pozyx NV
02479	ifLink Open Community
02480	Deublin Company, LLC
02481	BLINQY
02482	DYPHI
02483	BlueX Microelectronics Corp Ltd.
02484	PentaLock Aps.
02485	AUTEC Gesellschaft fuer Automationstechnik mbH
02486	Pegasus Technologies, Inc.
02487	Bout Labs, LLC
02488	PlayerData Limited
02489	SAVOY ELECTRONIC LIGHTING
02490	Elimo Engineering Ltd
02491	SkyStream Corporation
02492	Aerosens LLC
02493	Centre Suisse d'Electronique et de Microtechnique SA
02494	Vessel Ltd.
02495	Span.IO, Inc.
02496	AnotherBrain inc.
02497	Rosewill
02498	Universal Audio, Inc.
02499	JAPAN TOBACCO INC.
02500	UVISIO
02501	HungYi Microelectronics Co.,Ltd.
02502	Honor Device Co., Ltd.
02503	Combustion, LLC
02504	XUNTONG
02505	CrowdGlow Ltd
02506	Mobitrace
02507	Hx Engineering, LLC
02508	Senso4s d.o.o.
02510	Julius Blum GmbH
02511	BlueStreak IoT, LLC
02512	Chess Wise B.V.
02513	ABLEPAY TECHNOLOGIES AS
02514	Temperature Sensitive Solutions Systems Sweden AB
02516	ORBIS Inc.
02517	GEAR RADIO ELECTRONICS CORP.
02518	EAR TEKNIK ISITME VE ODIOMETRI CIHAZLARI SANAYI VE TICARET ANONIM SIRKETI
02519	Coyotta
02520	Synergy Tecnologia em Sistemas Ltda
02521	VivoSensMedical GmbH
02522	Nagravision SA
02523	Bionic Avionics Inc.
02525	Innoware Development AB
02526	JLD Technology Solutions, LLC
02527	Magnus Technology Sdn Bhd
02529	Tag-N-Trac Inc
02531	Friday Home Aps
02532	CPS AS
02533	Mobilogix
02534	Masonite Corporation
02535	Kabushikigaisha HANERON
02536	Melange Systems Pvt. Ltd.
02537	LumenRadio AB
02538	Athlos Oy
02539	KEAN ELECTRONICS PTY LTD
02540	Yukon advanced optics worldwide, UAB
02541	Sibel Inc.
02542	OJMAR SA
02543	Steinel Solutions AG
02544	WatchGas B.V.
02545	OM Digital Solutions Corporation
02546	Audeara Pty Ltd
02547	Beijing Zero Zero Infinity Technology Co.,Ltd.
02548	Spectrum Technologies, Inc.
02549	OKI Electric Industry Co., Ltd
02550	Mobile Action Technology Inc.
02551	SENSATEC Co., Ltd.
02552	R.O. S.R.L.
02553	Hangzhou Yaguan Technology Co. LTD
02554	Listen Technologies Corporation
02555	TOITU CO., LTD.
02556	Confidex
02558	Lichtvision Engineering GmbH
02559	AIRSTAR
02560	Ampler Bikes OU
02561	Cleveron AS
02562	Ayxon-Dynamics GmbH
02563	donutrobotics Co., Ltd.
02564	Flosonics Medical
02565	Southwire Company, LLC
02566	Shanghai wuqi microelectronics Co.,Ltd
02567	Reflow Pty Ltd
02568	Oras Oy
02570	Volan Technology Inc.
02572	Shanghai Yidian Intelligent Technology Co., Ltd.
02573	Blue Peacock GmbH
02574	Roland Corporation
02575	LIXIL Corporation
02576	SUBARU Corporation
02577	Sensolus
02578	Dyson Technology Limited
02579	Tec4med LifeScience GmbH
02580	CROXEL, INC.
02581	Syng Inc
02583	Plume Design Inc
02584	Cambridge Animal Technologies Ltd
02585	Maxell, Ltd.
02586	Link Labs, Inc.
02587	Embrava Pty Ltd
02588	INPEAK S.C.
02589	API-K
02590	CombiQ AB
02591	DeVilbiss Healthcare LLC
02592	Jiangxi Innotech Technology Co., Ltd
02593	Apollogic Sp. z o.o.
02594	DAIICHIKOSHO CO., LTD.
02595	BIXOLON CO.,LTD
02596	Atmosic Technologies, Inc.
02597	Eran Financial Services LLC
02598	Louis Vuitton
02600	NanoFlex Power Corporation
02601	Worthcloud Technology Co.,Ltd
02602	Yamaha Corporation
02603	PaceBait IVS
02604	Shenzhen H&T Intelligent Control Co., Ltd
02605	Shenzhen Feasycom Technology Co., Ltd.
02607	Instamic, Inc.
02608	Air-Weigh
02609	Nevro Corp.
02610	Pinnacle Technology, Inc.
02611	WMF AG
02612	Luxer Corporation
02613	safectory GmbH
02614	NGK SPARK PLUG CO., LTD.
02615	2587702 Ontario Inc.
02616	Bouffalo Lab (Nanjing)., Ltd.
02617	BLUETICKETING SRL
02619	Galileo Technology Limited
02620	Siteco GmbH
02621	DELABIE
02623	Shenzhen Yopeak Optoelectronics Technology Co., Ltd.
02625	OPEX Corporation
02626	Motionalysis, Inc.
02627	Busch Systems International Inc.
02628	Novidan, Inc.
02629	3SI Security Systems, Inc
02630	Beijing HC-Infinite Technology Limited
02631	The Wand Company Ltd
02632	JRC Mobility Inc.
02634	Map Large, Inc.
02635	MistyWest Energy and Transport Ltd.
02636	SiFli Technologies (shanghai) Inc.
02637	Lockn Technologies Private Limited
02638	Toytec Corporation
02639	VANMOOF Global Holding B.V.
02640	Nextscape Inc.
02641	CSIRO
02642	Follow Sense Europe B.V.
02643	KKM COMPANY LIMITED
02644	SQL Technologies Corp.
02645	Inugo Systems Limited
02646	ambie
02647	Meizhou Guo Wei Electronics Co., Ltd
02648	Indigo Diabetes
02649	TourBuilt, LLC
02650	Sontheim Industrie Elektronik GmbH
02651	LEGIC Identsystems AG
02652	Innovative Design Labs Inc.
02653	MG Energy Systems B.V.
02655	stryker
02656	DATANG SEMICONDUCTOR TECHNOLOGY CO.,LTD
02657	Smart Parks B.V.
02658	MOKO TECHNOLOGY Ltd
02660	Geopal system A/S
02661	Lytx, INC.
02663	Beijing SuperHexa Century Technology CO. Ltd
02664	Focus Ingenieria SRL
02665	HAPPIEST BABY, INC.
02666	Scribble Design Inc.
02667	Olympic Ophthalmics, Inc.
02668	Pokkels
02670	Pac Sane Limited
02671	Warner Bros.
02672	Ooma
02673	Senquip Pty Ltd
02674	Jumo GmbH & Co. KG
02675	Innohome Oy
02676	MICROSON S.A.
02677	Delta Cycle Corporation
02678	Synaptics Incorporated
02679	AXTRO PTE. LTD.
02680	Shenzhen Sunricher Technology Limited
02681	Webasto SE
02682	Emlid Limited
02683	UniqAir Oy
02684	WAFERLOCK
02685	Freedman Electronics Pty Ltd
02686	KEBA Handover Automation GmbH
02687	Intuity Medical
02688	Cleer Limited
02689	Universal Biosensors Pty Ltd
02690	Corsair
02691	Rivata, Inc.
02692	Greennote Inc,
02693	Snowball Technology Co., Ltd.
02694	ALIZENT International
02695	Shanghai Smart System Technology Co., Ltd
02696	PSA Peugeot Citroen
02697	VusionGroup
02698	HAINBUCH GMBH SPANNENDE TECHNIK
02699	SANlight GmbH
02700	DelpSys, s.r.o.
02701	JCM TECHNOLOGIES S.A.
02702	Perfect Company
02703	TOTO LTD.
02704	Shenzhen Grandsun Electronic Co.,Ltd.
02705	Monarch International Inc.
02706	Carestream Dental LLC
02707	GiPStech S.r.l.
02708	OOBIK Inc.
02709	Pamex Inc.
02712	Foil, Inc.
02713	Shanghai high-flying electronics technology Co.,Ltd
02714	TEMKIN ASSOCIATES, LLC
02715	Eello LLC
02716	Xi'an Fengyu Information Technology Co., Ltd.
02717	Canon Finetech Nisca Inc.
02719	ista International GmbH
02720	Loy Tec electronics GmbH
02721	LINCOGN TECHNOLOGY CO. LIMITED
02722	Care Bloom, LLC
02723	DIC Corporation
02724	FAZEPRO LLC
02725	Shenzhen Uascent Technology Co., Ltd
02726	Realityworks, inc.
02727	Urbanista AB
02728	Zencontrol Pty Ltd
02729	Spintly, Inc.
02730	Computime International Ltd
02731	Anhui Listenai Co
02732	OSM HK Limited
02733	Adevo Consulting AB
02734	PS Engineering, Inc.
02735	AIAIAI ApS
02736	Visiontronic s.r.o.
02737	InVue Security Products Inc
02738	TouchTronics, Inc.
02739	INNER RANGE PTY. LTD.
02740	Ellenby Technologies, Inc.
02741	Elstat Electronics Ltd.
02742	Xenter, Inc.
02743	LogTag North America Inc.
02744	Sens.ai Incorporated
02745	STL
02746	Open Bionics Ltd.
02747	R-DAS, s.r.o.
02748	KCCS Mobile Engineering Co., Ltd.
02749	Inventas AS
02750	Robkoo Information & Technologies Co., Ltd.
02751	PAUL HARTMANN AG
02752	Omni-ID USA, INC.
02753	Shenzhen Jingxun Technology Co., Ltd.
02754	RealMega Microelectronics technology (Shanghai) Co. Ltd.
02755	Kenzen, Inc.
02756	CODIUM
02757	Flexoptix GmbH
02758	Barnes Group Inc.
02759	Chengdu Aich Technology Co.,Ltd
02760	Keepin Co., Ltd.
02761	Swedlock AB
02762	Shenzhen CoolKit Technology Co., Ltd
02763	ise Individuelle Software und Elektronik GmbH
02764	Nuvoton
02765	Visuallex Sport International Limited
02766	KOBATA GAUGE MFG. CO., LTD.
02767	CACI Technologies
02768	Nordic Strong ApS
02770	Lautsprecher Teufel GmbH
02771	SSV Software Systems GmbH
02772	Zhuhai Pantum Electronisc Co., Ltd
02773	Streamit B.V.
02774	nymea GmbH
02775	AL-KO Geraete GmbH
02776	Franz Kaldewei GmbH&Co KG
02778	Codefabrik GmbH
02779	Reelables, Inc.
02780	Duravit AG
02781	Boss Audio
02782	Vocera Communications, Inc.
02783	Douglas Dynamics L.L.C.
02787	GlobalMed
02788	DALI Alliance
02789	unu GmbH
02790	Hexology
02791	Sunplus Technology Co., Ltd.
02792	LEVEL, s.r.o.
02793	FLIR Systems AB
02794	Borda Technology
02795	Square, Inc.
02796	FUTEK ADVANCED SENSOR TECHNOLOGY, INC
02797	Saxonar GmbH
02798	Velentium, LLC
02799	GLP German Light Products GmbH
02800	Leupold & Stevens, Inc.
02801	CRADERS,CO.,LTD
02803	701x Inc.
02804	Radioworks Microelectronics PTY LTD
02805	Unitech Electronic Inc.
02806	AMETEK, Inc.
02807	Irdeto
02808	First Design System Inc.
02809	Unisto AG
02810	Chengdu Ambit Technology Co., Ltd.
02811	SMT ELEKTRONIK GmbH
02812	Cerebrum Sensor Technologies Inc.
02813	Weber Sensors, LLC
02814	Earda Technologies Co.,Ltd
02815	FUSEAWARE LIMITED
02816	Flaircomm Microelectronics Inc.
02817	RESIDEO TECHNOLOGIES, INC.
02818	IORA Technology Development Ltd. Sti.
02819	Precision Triathlon Systems Limited
02821	Marquardt GmbH
02822	FAZUA GmbH
02823	Workaround Gmbh
02824	Shenzhen Qianfenyi Intelligent Technology Co., LTD
02826	Belun Technology Company Limited
02827	Sanistaal A/S
02828	BluPeak
02829	SANYO DENKO Co.,Ltd.
02830	Minebea Access Solutions Inc.
02831	B.E.A. S.A.
02832	Alfa Laval Corporate AB
02833	ThermoWorks, Inc.
02834	ToughBuilt Industries LLC
02835	IOTOOLS
02836	Olumee
02837	NAOS JAPAN K.K.
02838	Guard RFID Solutions Inc.
02839	SIG SAUER, INC.
02840	DECATHLON SE
02841	WBS PROJECT H PTY LTD
02842	Roca Sanitario, S.A.
02844	Nanoleq AG
02845	Accelerated Systems
02846	PB INC.
02847	Beijing ESWIN Computing Technology Co., Ltd.
02848	TKH Security B.V.
02850	Hygiene IQ, LLC.
02851	iRhythm Technologies, Inc.
02852	BeiJing ZiJie TiaoDong KeJi Co.,Ltd.
02853	NIBROTECH LTD
02854	Baracoda Daily Healthtech.
02855	Lumi United Technology Co., Ltd
02857	Tech-Venom Entertainment Private Limited
02859	MAINBOT
02860	ILLUMAGEAR, Inc.
02861	REDARC ELECTRONICS PTY LTD
02862	MOCA System Inc.
02863	Duke Manufacturing Co
02864	ART SPA
02865	Silver Wolf Vehicles Inc.
02866	Hala Systems, Inc.
02867	ARMATURA LLC
02868	CONZUMEX INDUSTRIES PRIVATE LIMITED
02869	BH SENS
02870	SINTEF
02871	Omnivoltaic Energy Solutions Limited Company
02872	WISYCOM S.R.L.
02873	Red 100 Lighting Co., ltd.
02874	Impact Biosystems, Inc.
02875	AIC semiconductor (Shanghai) Co., Ltd.
02876	Dodge Industrial, Inc.
02877	REALTIMEID AS
02878	ISEO Serrature S.p.a.
02879	MindRhythm, Inc.
02880	Havells India Limited
02881	Sentrax GmbH
02882	TSI
02883	INCITAT ENVIRONNEMENT
02884	nFore Technology Co., Ltd.
02885	Electronic Sensors, Inc.
02887	Gentex Corporation
02888	NIO USA, Inc.
02889	SkyHawke Technologies
02890	Nomono AS
02891	EMS Integrators, LLC
02892	BiosBob.Biz
02893	Adam Hall GmbH
02894	ICP Systems B.V.
02895	Breezi.io, Inc.
02896	Mesh Systems LLC
02897	FUN FACTORY GmbH
02898	ZIIP Inc
02899	SHENZHEN KAADAS INTELLIGENT TECHNOLOGY CO.,Ltd
02900	Emotion Fitness GmbH & Co. KG
02901	H G M Automotive Electronics, Inc.
02902	BORA - Vertriebs GmbH & Co KG
02903	CONVERTRONIX TECHNOLOGIES AND SERVICES LLP
02904	TOKAI-DENSHI INC
02907	Shenzhen ImagineVision Technology Limited
02909	Fujian Newland Auto-ID Tech. Co., Ltd.
02910	CELLCONTROL, INC.
02911	Rivieh, Inc.
02912	RATOC Systems, Inc.
02913	Sentek Pty Ltd
02914	NOVEA ENERGIES
02915	Innolux Corporation
02916	NingBo klite Electric Manufacture Co.,LTD
02917	The Apache Software Foundation
02918	MITSUBISHI ELECTRIC AUTOMATION (THAILAND) COMPANY LIMITED
02920	Quha oy
02921	Addaday
02922	Dymo
02923	Samsara Networks, Inc
02924	Sensitech, Inc.
02925	SOLUM CO., LTD
02926	React Mobile
02928	JDRF Electromag Engineering Inc
02929	lilbit ODM AS
02930	Geeknet, Inc.
02931	HARADA INDUSTRY CO., LTD.
02932	BQN
02933	Triple W Japan Inc.
02934	MAX-co., ltd
02935	Aixlink(Chengdu) Co., Ltd.
02936	FIELD DESIGN INC.
02937	Sankyo Air Tech Co.,Ltd.
02938	Shenzhen KTC Technology Co.,Ltd.
02939	Hardcoder Oy
02940	Scangrip A/S
02941	FoundersLane GmbH
02942	Offcode Oy
02943	ICU tech GmbH
02944	AXELIFE
02945	SCM Group
02946	Mammut Sports Group AG
02947	Taiga Motors Inc.
02948	Presidio Medical, Inc.
02949	VIMANA TECH PTY LTD
02950	Trek Bicycle
02951	Ampetronic Ltd
02952	Muguang (Guangdong) Intelligent Lighting Technology Co., Ltd
02953	Rotronic AG
02954	Seiko Instruments Inc.
02955	American Technology Components, Incorporated
02956	MOTREX
02957	Pertech Industries Inc
02958	Gentle Energy Corp.
02959	Senscomm Semiconductor Co., Ltd.
02961	Alfen ICU B.V.
02963	Hangzhou BroadLink Technology Co., Ltd.
02964	Dreem SAS
02966	Telecom Design
02967	SILVER TREE LABS, INC.
02968	Gymstory B.V.
02969	The Goodyear Tire & Rubber Company
02970	Beijing Wisepool Infinite Intelligence Technology Co.,Ltd
02972	Komatsu Ltd.
02973	Sensoria Holdings LTD
02974	Audio Partnership Plc
02975	Group Lotus Limited
02976	Data Sciences International
02977	Bunn-O-Matic Corporation
02978	TireCheck GmbH
02979	Sonova Consumer Hearing GmbH
02980	Vervent Audio Group
02981	SONICOS ENTERPRISES, LLC
02982	Nissan Motor Co., Ltd.
02983	hearX Group (Pty) Ltd
02984	GLOWFORGE INC.
02985	Allterco Robotics ltd
02986	Infinitegra, Inc.
02987	Grandex International Corporation
02988	Machfu Inc.
02989	Roambotics, Inc.
02990	Soma Labs LLC
02991	NITTO KOGYO CORPORATION
02992	Ecolab Inc.
02993	Beijing ranxin intelligence technology Co.,LTD
02994	Fjorden Electra AS
02995	Flender GmbH
02996	New Cosmos USA, Inc.
02997	Xirgo Technologies, LLC
02998	Build With Robots Inc.
02999	IONA Tech LLC
03000	INNOVAG PTY. LTD.
03001	SaluStim Group Oy
03002	Huso, INC
03003	SWISSINNO SOLUTIONS AG
03004	T2REALITY SOLUTIONS PRIVATE LIMITED
03006	SAAB Aktiebolag
03007	HIMSA II K/S
03008	READY FOR SKY LLP
03009	Miele & Cie. KG
03010	EntWick Co.
03011	MCOT INC.
03012	TECHTICS ENGINEERING B.V.
03013	Aperia Technologies, Inc.
03014	TCL COMMUNICATION EQUIPMENT CO.,LTD.
03015	Signtle Inc.
03016	OTF Distribution, LLC
03017	Neuvatek Inc.
03018	Perimeter Technologies, Inc.
03019	Divesoft s.r.o.
03020	Sylvac sa
03021	Amiko srl
03022	Neurosity, Inc.
03023	LL Tec Group LLC
03024	Durag GmbH
03025	Hubei Yuan Times Technology Co., Ltd.
03026	IDEC
03027	Procon Analytics, LLC
03028	ndd Medizintechnik AG
03029	Super B Lithium Power B.V.
03030	Shenzhen Injoinic Technology Co., Ltd.
03032	PURA SCENTS, INC.
03034	Aardex Ltd.
03035	CHAR-BROIL, LLC
03036	TWINKLY SRL
03037	Coroflo Limited
03038	Yale
03039	WINKEY ENTERPRISE (HONG KONG) LIMITED
03040	Koizumi Lighting Technology corp.
03042	OTC engineering
03043	Comtel Systems Ltd.
03044	Deepfield Connect GmbH
03045	ZWILLING J.A. Henckels Aktiengesellschaft
03046	Puratap Pty Ltd
03047	Fresnel Technologies, Inc.
03048	Sensormate AG
03049	Shindengen Electric Manufacturing Co., Ltd.
03050	Twenty Five Seven, prodaja in storitve, d.o.o.
03051	Luna Health, Inc.
03053	CORAL-TAIYI Co. Ltd.
03054	LINKSYS USA, INC.
03055	Safetytest GmbH
03056	KIDO SPORTS CO., LTD.
03057	Site IQ LLC
03058	Angel Medical Systems, Inc.
03059	PONE BIOMETRICS AS
03061	T5 tek, Inc.
03062	greenTEG AG
03063	Wacker Neuson SE
03064	Innovacionnye Resheniya
03066	CleanBands Systems Ltd.
03067	Dodam Enersys Co., Ltd
03068	T+A elektroakustik GmbH & Co.KG
03069	Esmé Solutions
03070	Media-Cartec GmbH
03071	Ratio Electric BV
03072	MQA Limited
03073	NEOWRK SISTEMAS INTELIGENTES S.A.
03074	Loomanet, Inc.
03075	Puff Corp
03076	Happy Health, Inc.
03077	Montage Connect, Inc.
03078	LED Smart Inc.
03079	CONSTRUKTS, INC.
03080	limited liability company "Red"
03081	Senic Inc.
03082	Automated Pet Care Products, LLC
03083	aconno GmbH
03084	Mendeltron, Inc.
03085	Mereltron bv
03086	ALEX DENKO CO.,LTD.
03087	AETERLINK
03088	Cosmed s.r.l.
03089	Gordon Murray Design Limited
03090	IoSA
03091	Scandinavian Health Limited
03092	Fasetto, Inc.
03093	Geva Sol B.V.
03094	TYKEE PTY. LTD.
03095	SomnoMed Limited
03096	CORROHM
03097	Arlo Technologies, Inc.
03098	Catapult Group International Ltd
03099	Rockchip Electronics Co., Ltd.
03100	GEMU
03101	OFF Line Japan Co., Ltd.
03102	EC sense co., Ltd
03103	LVI Co.
03104	COMELIT GROUP S.P.A.
03105	Foshan Viomi Electrical Technology Co., Ltd
03106	Glamo Inc.
03107	KEYTEC,Inc.
03108	SMARTD TECHNOLOGIES INC.
03109	JURA Elektroapparate AG
03110	Performance Electronics, Ltd.
03111	Pal Electronics
03112	Embecta Corp.
03113	DENSO AIRCOOL CORPORATION
03114	Caresix Inc.
03115	GigaDevice Semiconductor Inc.
03116	Zeku Technology (Shanghai) Corp., Ltd.
03117	OTF Product Sourcing, LLC
03118	Easee AS
03119	BEEHERO, INC.
03120	McIntosh Group Inc
03121	KINDOO LLP
03122	Xian Yisuobao Electronic Technology Co., Ltd.
03123	Exeger Operations AB
03124	BYD Company Limited
03125	Thermokon-Sensortechnik GmbH
03127	SignalQuest, LLC
03128	Noritz Corporation.
03129	TIGER CORPORATION
03131	ORB Innovations Ltd
03132	Classified Cycling
03133	Wrmth Corp.
03134	BELLDESIGN Inc.
03135	Stinger Equipment, Inc.
03136	HORIBA, Ltd.
03137	Control Solutions LLC
03138	Heath Consultants Inc.
03139	Berlinger & Co. AG
03140	ONCELABS LLC
03141	Brose Verwaltung SE, Bamberg
03143	Epsilon Electronics,lnc
03144	VALEO MANAGEMENT SERVICES
03145	twopounds gmbh
03146	atSpiro ApS
03147	ADTRAN, Inc.
03148	Orpyx Medical Technologies Inc.
03149	Seekwave Technology Co.,ltd.
03150	Tactile Engineering, Inc.
03151	SharkNinja Operating LLC
03152	Imostar Technologies Inc.
03153	INNOVA S.R.L.
03154	ESCEA LIMITED
03155	Taco, Inc.
03156	HiViz Lighting, Inc.
03157	Zintouch B.V.
03158	Rheem Sales Company, Inc.
03159	UNEEG medical A/S
03160	Hykso Inc.
03161	CYBERDYNE Inc.
03162	Lockswitch Sdn Bhd
03163	Alban Giacomo S.P.A.
03164	MGM WIRELESSS HOLDINGS PTY LTD
03165	StepUp Solutions ApS
03166	BlueID GmbH
03167	Wuxi Linkpower Microelectronics Co.,Ltd
03168	KEBA Energy Automation GmbH
03169	NNOXX, Inc
03170	Phiaton Corporation
03171	phg Peter Hengstler GmbH + Co. KG
03172	dormakaba Holding AG
03173	WAKO CO,.LTD
03175	TRACKTING S.R.L.
03176	Emerja Corporation
03178	CONSORCIO TRUST CONTROL - NETTEL
03179	GILSON SAS
03180	SNIFF LOGIC LTD
03181	Fidure Corp.
03182	Sensa LLC
03183	Parakey AB
03184	SCARAB SOLUTIONS LTD
03185	BitGreen Technolabz (OPC) Private Limited
03186	StreetCar ORV, LLC
03187	Truma Gerätetechnik GmbH & Co. KG
03188	yupiteru
03189	Embedded Engineering Solutions LLC
03191	TEAC Corporation
03192	CHARGTRON IOT PRIVATE LIMITED
03193	Zhuhai Smartlink Technology Co., Ltd
03194	Triductor Technology (Suzhou), Inc.
03195	PT SADAMAYA GRAHA TEKNOLOGI
03196	Mopeka Products LLC
03197	3ALogics, Inc.
03199	Rochester Sensors, LLC
03200	CARDIOID - TECHNOLOGIES, LDA
03201	Carrier Corporation
03202	NACON
03203	Watchdog Systems LLC
03204	MAXON INDUSTRIES, INC.
03205	Amlogic, Inc.
03206	Qingdao Eastsoft Communication Technology Co.,Ltd
03207	Weltek Technologies Company Limited
03208	Nextivity Inc.
03209	AGZZX OPTOELECTRONICS TECHNOLOGY CO., LTD
03210	A.GLOBAL co.,Ltd.
03211	Heavys Inc
03212	T-Mobile USA
03213	tonies GmbH
03214	Technocon Engineering Ltd.
03215	Radar Automobile Sales(Shandong)Co.,Ltd.
03216	WESCO AG
03217	Yashu Systems
03218	Kesseböhmer Ergonomietechnik GmbH
03219	Movesense Oy
03220	Baxter Healthcare Corporation
03221	Gemstone Lights Canada Ltd.
03222	H+B Hightech GmbH
03223	Deako
03225	Vire Health Oy
03226	ALF Inc.
03227	NTT sonority, Inc.
03228	Sunstone-RTLS Ipari Szolgaltato Korlatolt Felelossegu Tarsasag
03229	Ribbiot, INC.
03231	Dragonfly Energy Corp.
03232	BIGBEN
03233	YAMAHA MOTOR CO.,LTD.
03234	XSENSE LTD
03235	MAQUET GmbH
03236	MITSUBISHI ELECTRIC LIGHTING CO, LTD
03237	Princess Cruise Lines, Ltd.
03238	Megger Ltd
03239	Verve InfoTec Pty Ltd
03240	Sonas, Inc.
03241	Mievo Technologies Private Limited
03242	Shenzhen Poseidon Network Technology Co., Ltd
03243	HERUTU ELECTRONICS CORPORATION
03244	Shenzhen Shokz Co.,Ltd.
03245	Shenzhen Openhearing Tech CO., LTD .
03246	Evident Corporation
03247	NEURINNOV
03248	SwipeSense, Inc.
03249	RF Creations
03250	SHINKAWA Sensor Technology, Inc.
03251	janova GmbH
03252	Eberspaecher Climate Control Systems GmbH
03253	Racketry, d. o. o.
03254	THE EELECTRIC MACARON LLC
03255	Cucumber Lighting Controls Limited
03257	seca GmbH & Co. KG
03258	Ameso Tech (OPC) Private Limited
03259	Emlid Tech Kft.
03261	Pricer AB
03263	Forward Thinking Systems LLC.
03264	Garnet Instruments Ltd.
03265	CLEIO Inc.
03266	Anker Innovations Limited
03267	HMD Global Oy
03268	ABUS August Bremicker Soehne Kommanditgesellschaft
03269	Open Road Solutions, Inc.
03270	Serial Technology Corporation
03271	SB C&S Corp.
03272	TrikThom
03273	Innocent Technology Co., Ltd.
03274	Cyclops Marine Ltd
03275	NOTHING TECHNOLOGY LIMITED
03276	Kord Defence Pty Ltd
03277	YanFeng Visteon(Chongqing) Automotive Electronic Co.,Ltd
03278	SENOSPACE LLC
03279	Shenzhen CESI Information Technology Co., Ltd.
03280	MooreSilicon Semiconductor Technology (Shanghai) Co., LTD.
03281	Imagine Marketing Limited
03282	EQOM SSC B.V.
03283	TechSwipe
03284	Reoqoo IoT Technology Co., Ltd.
03285	Numa Products, LLC
03286	HHO (Hangzhou) Digital Technology Co., Ltd.
03287	Maztech Industries, LLC
03288	SIA Mesh Group
03289	Minami acoustics Limited
03290	Wolf Steel ltd
03291	Circus World Displays Limited
03292	Ypsomed AG
03293	Alif Semiconductor, Inc.
03295	SHENZHEN CHENYUN ELECTRONICS CO., LTD
03296	VODALOGIC PTY LTD
03297	Regal Beloit America, Inc.
03298	CORVENT MEDICAL, INC.
03299	Taiwan Fuhsing
03300	Off-Highway Powertrain Services Germany GmbH
03301	Amina Distribution AS
03302	McWong International, Inc.
03303	TAG HEUER SA
03304	Dongguan Yougo Electronics Co.,Ltd.
03305	PEAG, LLC dba JLab Audio
03306	HAYWARD INDUSTRIES, INC.
03307	Shenzhen Tingting Technology Co. LTD
03308	Pacific Coast Fishery Services (2003) Inc.
03309	CV. NURI TEKNIK
03310	MadgeTech, Inc
03311	POGS B.V.
03312	THOTAKA TEKHNOLOGIES INDIA PRIVATE LIMITED
03313	Midmark
03315	Radio Sound
03316	SOLUX PTY LTD
03317	BOS Balance of Storage Systems AG
03318	OJ Electronics A/S
03319	TVS Motor Company Ltd.
03320	core sensing GmbH
03321	Tamblue Oy
03322	Protect Animals With Satellites LLC
03323	Tyromotion GmbH
03324	ElectronX design
03326	Thule Group AB
03329	KEEPEN
03330	Rocky Mountain ATV/MC Jake Wilson
03331	MakuSafe Corp
03332	Bartec Auto Id Ltd
03333	Energy Technology and Control Limited
03334	doubleO Co., Ltd.
03335	Datalogic S.r.l.
03336	Datalogic USA, Inc.
03337	Leica Geosystems AG
03338	CATEYE Co., Ltd.
03339	Research Products Corporation
03340	Planmeca Oy
03341	C.Ed. Schulte GmbH Zylinderschlossfabrik
03342	PetVoice Co., Ltd.
03343	Timebirds Australia Pty Ltd
03344	JVC KENWOOD Corporation
03346	Spartek Systems Inc.
03347	MERRY ELECTRONICS CO., LTD.
03348	Merry Electronics (S) Pte Ltd
03349	Spark
03350	Nations Technologies Inc.
03351	Akix S.r.l.
03352	Bioliberty Ltd
03353	C.G. Air Systemes Inc.
03354	Maturix ApS
03355	RACHIO, INC.
03356	LIMBOID LLC
03357	Electronics4All Inc.
03358	FESTINA LOTUS SA
03359	Synkopi, Inc.
03360	SCIENTERRA LIMITED
03361	Cennox Group Limited
03362	Cedarware, Corp.
03363	GREE Electric Appliances, Inc. of Zhuhai
03364	Japan Display Inc.
03365	System Elite Holdings Group Limited
03366	Burkert Werke GmbH & Co. KG
03367	velocitux
03368	FUJITSU COMPONENT LIMITED
03369	MIYAKAWA ELECTRIC WORKS LTD.
03370	PhysioLogic Devices, Inc.
03371	Sensoryx AG
03372	SIL System Integration Laboratory GmbH
03373	Cooler Pro, LLC
03374	Advanced Electronic Applications, Inc
03375	Delta Development Team, Inc
03376	Laxmi Therapeutic Devices, Inc.
03377	SYNCHRON, INC.
03378	Badger Meter
03379	Micropower Group AB
03380	ZILLIOT TECHNOLOGIES PRIVATE LIMITED
03381	Universidad Politecnica de Madrid
03382	XIHAO INTELLIGENGT TECHNOLOGY CO., LTD
03383	Zerene Inc.
03384	CycLock
03386	Frost Solutions, LLC
03387	Lone Star Marine Pty Ltd
03388	SIRONA Dental Systems GmbH
03389	bHaptics Inc.
03390	LUMINOAH, INC.
03391	Vogels Products B.V.
03392	SignalFire Telemetry, Inc.
03393	CPAC Systems AB
03394	TEKTRO TECHNOLOGY CORPORATION
03395	Gosuncn Technology Group Co., Ltd.
03396	Ex Makhina Inc.
03397	Odeon, Inc.
03398	Thales Simulation & Training AG
03399	Shenzhen DOKE Electronic Co., Ltd
03400	Vemcon GmbH
03401	Refrigerated Transport Electronics, Inc.
03402	Rockpile Solutions, LLC
03403	Soundwave Hearing, LLC
03405	Optec, LLC
03406	NIKAT SOLUTIONS PRIVATE LIMITED
03407	Movano Inc.
03408	NINGBO FOTILE KITCHENWARE CO., LTD.
03409	Genetus inc.
03410	DIVAN TRADING CO., LTD.
03411	Luxottica Group S.p.A
03412	ISEKI FRANCE S.A.S
03413	NO CLIMB PRODUCTS LTD
03414	Wellang.Co,.Ltd
03415	Nanjing Xinxiangyuan Microelectronics Co., Ltd.
03416	ifm electronic gmbh
03417	HYUPSUNG MACHINERY ELECTRIC CO., LTD.
03418	Gunnebo Aktiebolag
03419	Axis Communications AB
03421	Stogger B.V.
03422	Pella Corp
03423	SiChuan Homme Intelligent Technology co.,Ltd.
03424	Smart Products Connection, S.A.
03425	F.I.P. FORMATURA INIEZIONE POLIMERI - S.P.A.
03426	MEBSTER s.r.o.
03427	SKF France
03428	Southco
03429	Molnlycke Health Care AB
03430	Hendrickson USA , L.L.C
03431	BLACK BOX NETWORK SERVICES INDIA PRIVATE LIMITED
03432	Status Audio LLC
03433	AIR AROMA INTERNATIONAL PTY LTD
03434	Helge Kaiser GmbH
03435	Crane Payment Innovations, Inc.
03437	DYNAMOX S/A
03438	Look Cycle International
03439	Closed Joint Stock Company NVP BOLID
03440	Kindhome
03441	Kiteras Inc.
03442	Earfun Technology (HK) Limited
03443	iota Biosciences, Inc.
03444	ANUME s.r.o.
03445	Indistinguishable From Magic, Inc.
03446	i-focus Co.,Ltd
03447	DualNetworks SA
03448	MITACHI CO.,LTD.
03449	VIVIWARE JAPAN, Inc.
03450	Xiamen Intretech Inc.
03451	MindMaze SA
03452	BeiJing SmartChip Microelectronics Technology Co.,Ltd
03453	Taiko Audio B.V.
03454	Daihatsu Motor Co., Ltd.
03455	Konova
03456	Gravaa B.V.
03457	Beyerdynamic GmbH & Co. KG
03458	VELCO
03459	ATLANTIC SOCIETE FRANCAISE DE DEVELOPPEMENT THERMIQUE
03460	Testo SE & Co. KGaA
03461	SEW-EURODRIVE GmbH & Co KG
03462	ROCKWELL AUTOMATION, INC.
03463	Quectel Wireless Solutions Co., Ltd.
03465	Nanohex Corp
03466	Simply Embedded Inc.
03467	Software Development, LLC
03468	Ultimea Technology (Shenzhen) Limited
03469	RF Electronics Limited
03470	Optivolt Labs, Inc.
03471	Canon Electronics Inc.
03472	LAAS ApS
03473	Beamex Oy Ab
03474	TACHIKAWA CORPORATION
03475	HagerEnergy GmbH
03477	Hunter Industries Incorporated
03478	NEOKOHM SISTEMAS ELETRONICOS LTDA
03479	Zhejiang Huanfu Technology Co., LTD
03480	E.F. Johnson Company
03481	Caire Inc.
03482	Yeasound (Xiamen) Hearing Technology Co., Ltd
03483	Boxyz, Inc.
03484	Skytech Creations Limited
03485	Cear, Inc.
03486	Impulse Wellness LLC
03487	MML US, Inc
03488	SICK AG
03489	Fen Systems Ltd.
03490	KIWI.KI GmbH
03491	Airgraft Inc.
03492	HP Tuners
03493	PIXELA CORPORATION
03494	Generac Corporation
03495	Novoferm tormatic GmbH
03496	Airwallet ApS
03497	Inventronics GmbH
03498	Shenzhen EBELONG Technology Co., Ltd.
03499	Efento
03500	ITALTRACTOR ITM S.P.A.
03502	TITUM AUDIO, INC.
03503	Hexagon Aura Reality AG
03504	Invisalert Solutions, Inc.
03505	TELE System Communications Pte. Ltd.
03506	Whirlpool
03507	SHENZHEN REFLYING ELECTRONIC CO., LTD
03508	Franklin Control Systems
03509	Djup AB
03510	SAFEGUARD EQUIPMENT, INC.
03511	Morningstar Corporation
03512	Shenzhen Chuangyuan Digital Technology Co., Ltd
03513	CompanyDeep Ltd
03514	Veo Technologies ApS
03515	Nexis Link Technology Co., Ltd.
03516	Felion Technologies Company Limited
03517	MAATEL
03518	HELLA GmbH & Co. KGaA
03519	HWM-Water Limited
03520	Shenzhen Jahport Electronic Technology Co., Ltd.
03521	NACHI-FUJIKOSHI CORP.
03522	Cirrus Research plc
03523	GEARBAC TECHNOLOGIES INC.
03524	Hangzhou NationalChip Science & Technology Co.,Ltd
03525	DHL
03526	Levita
03527	MORNINGSTAR FX PTE. LTD.
03528	ETO GRUPPE TECHNOLOGIES GmbH
03529	farmunited GmbH
03530	Aptener Mechatronics Private Limited
03531	GEOPH, LLC
03532	Trotec GmbH
03533	Astra LED AG
03534	NOVAFON - Electromedical devices limited liability company
03535	KUBU SMART LIMITED
03536	ESNAH
03537	OrangeMicro Limited
03538	Fresh n Rebel B.V.
03539	Global Satellite Engineering
03540	KOQOON GmbH & Co.KG
03541	BEEPINGS
03542	MODULAR MEDICAL, INC.
03543	Xiant Technologies, Inc.
03545	SCHELL GmbH & Co. KG
03546	Minebea Intec GmbH
03547	KAGA FEI Co., Ltd.
03548	AUTHOR-ALARM, razvoj in prodaja avtomobilskih sistemov proti kraji, d.o.o.
03549	Tozoa LLC
03550	SHENZHEN DNS INDUSTRIES CO., LTD.
03551	Shenzhen Lunci Technology Co., Ltd
03552	KNOG PTY. LTD.
03553	Outshiny India Private Limited
03554	TAMADIC Co., Ltd.
03555	Shenzhen MODSEMI Co., Ltd
03556	EMBEINT INC
03557	Ehong Technology Co.,Ltd
03558	DEXATEK Technology LTD
03559	Dendro Technologies, Inc.
03560	Vivint, Inc.
03561	General Laser GmbH
03562	Kathrein Solutions GmbH
03563	Fitz Inc.
03564	ATEGENOS PHARMACEUTICALS INC
03565	Flextronic GmbH
03566	Safety Swim LLC
03567	SING SUN TECHNOLOGY (INTERNATIONAL) LIMITED
03568	Woncan (Hong Kong) Limited
03569	iFLYTEK (Suzhou) Technology Co., Ltd.
03570	Weber-Stephen Products LLC
03571	hDrop Technologies Inc.
03572	REEKON TOOLS INC.
03573	Delta Faucet Company
03574	Mutrack Co., Ltd
03575	Hangzhou Zhaotong Microelectronics Co., Ltd.
03576	Chengdu CSCT Microelectronics Co., Ltd.
03577	Belusun Technology Ltd.
03578	Shenzhen Matches IoT Technology Co., Ltd.
03579	Beidou Intelligent Connected Vehicle Technology Co., Ltd.
03580	SOJI ELECTRONICS JOINT STOCK COMPANY
03581	BH Technologies
03582	Haptech, Inc.
03583	WaveRF, Corp.
03584	SHENZHEN SOUNDSOUL INFORMATION TECHNOLOGY CO.,LTD
03585	Wuhu Mengbo Technology Co., Ltd.
03586	PROSYS DEV LIMITED
03587	Shenzhen eMeet technology Co.,Ltd
03588	Doro AB
03589	SUREPULSE MEDICAL LIMITED
03590	iodyne, LLC
03591	Pinpoint GmbH
03592	Heinrich Kopp GmbH
03593	Evolutive Systems SL
03595	Sounding Audio Industrial Ltd.
03596	Yuanfeng Technology Co., Ltd.
03597	FrontAct Co., Ltd.
03599	SenseWorks Tecnologia Ltda.
03600	Eko Health, Inc.
03601	Wanzl GmbH & Co. KGaA
03602	CLEVER LOGGER TECHNOLOGIES PTY LIMITED
03603	ASYSTOM
03604	Heilongjiang Tianyouwei Electronics Co.,Ltd.
03605	Eastern Partner Limited
03606	Xiamen RUI YI Da Electronic Technology Co.,Ltd
03607	Ad Hoc Electronics, llc.
03608	Hangzhou Microimage Software Co.,Ltd.
03609	Hive-Zox International SA
03610	Sensovo GmbH
03611	Time Location Systems AS
03612	SHENZHEN DIGITECH CO., LTD
03613	Capte B.V.
03614	9512-5837 QUEBEC INC.
03615	Blecon Ltd
03616	CFLAB TEKNOLOJI TICARET LIMITED SIRKETI
03617	FOGO
03618	HITO INC
03619	MS kajak7 UG (limited liability)
03620	Avedis Zildjian Co.
03621	Hangzhou Hikvision Digital Technology Co., Ltd.
03622	LIHJOEN SPEED METER CO., LTD.
03623	NextSense, Inc.
03624	PatchRx, Inc.
03625	Flipper Devices Inc.
03626	Huizhou Foryou General Electronics Co., Ltd.
03627	JE electronic a/s
03628	9313-7263 Quebec inc.
03629	ECARX (Hubei) Tech Co.,Ltd.
03630	NIHON KOHDEN CORPORATION
03631	ONWI
03632	Primax Electronics Ltd.
03633	AlphaTheta Corporation
03634	PACIFIC INDUSTRIAL CO., LTD.
03635	Crescent NV
03636	Vermis, software solutions llc
03637	SNAPPWISH LLC
03638	Cousins and Sears LLC
03639	CESYS Gesellschaft für angewandte Mikroelektronik mbH
03640	SLOC GmbH
03641	IRES Infrarot Energie Systeme GmbH
03642	OFIVE LIMITED
03643	Swift IOT Tech (Shenzhen) Co., LTD.
03644	Viselabs
03645	Walmart Inc.
03646	VANBOX
03647	Wiser Devices, LLC
03648	WKD Labs Ltd
03649	Asustek Computer Inc.
03650	Z-ONE Technology Co., Ltd.
03651	InnoVision Medical Technologies, LLC
03652	QUANTATEC
03653	Filo Srl
03654	SOUNDUCT
03655	Hosiden Besson Limited
03656	KARLUNA MUHENDISLIK SANAYI VE TICARET ANONIM SIRKETI
03657	Deone (Shanghai) Communication & Technology Co., Ltd
03658	Nitto Denko Corporation
03659	PUDSEY DIAMOND ENGINEERING LIMITED
03660	Luxshare Precision Industry Co., Ltd.
03661	Brooksee, Inc.
03662	QSC, LLC
03663	eBet Gaming Sytems Pty Limited
03664	Zhejiang Desman Intelligent Technology Co., Ltd.
03665	Dyaco International Inc.
03666	Aquana, LLC
03667	MINIRIG
03668	After Technologies AS
03669	New Cosmos Electric Co., Ltd.
03670	INEPRO Metering B.V.
03671	Altina Inc.
03672	Urban Armor Gear, LLC
03673	Loewe Technology GmbH
03674	OmniWave Microelectronics Shanghai Co., Ltd
03675	Wuhu Hongjing Electronic Co.,Ltd
03676	Rocoto Ltd
03677	L.T.H. Electronics Limited
03678	SHAPER TOOLS, INC.
03679	Ruptela
03680	Ant Group Co., Ltd.
03681	Queclink Wireless Solutions Co., Ltd.
03682	GOKI PTY LTD
03683	LAST LOCK INC.
03684	HuiTong intelligence Company Limited
03685	Daikin Industries, LTD
03686	Shenzhen Baseus Technology Co., Ltd.
03687	NEXT DEVICES LTDA
03689	Megatronix (Beijing) Technology Co., Ltd
03690	Hyena Inc.
03691	Shenzhen Goodocom Information Technology Co., Ltd.
03692	RIGH, INC.
03695	OpConnect, Inc.
03696	Powerstick.com
03697	ENABLEWEAR LLC
03699	Adventures of the Persistently Impaired (and other tales) Limited
03700	Rocky Radios LLC
03701	Le Touch (Shenzhen) Electronics Co., Ltd.
03702	Guangdong Nanguang Photo&Video Systems Co., Ltd.
03703	MOBILE TECH, INC.
03704	HONG KONG COMMUNICATIONS COMPANY LIMITED
03705	Neptune First OU
03706	Vivago Oy
03707	Circular
03708	final Inc.
03709	Jiangsu XinTongda Electric Technology Co.,Ltd.
03710	Archon Controls LLC
03711	SZR-Dev UG
03712	IQNEXXT Solutions GmbH
03713	Guangdong Hengqin Xingtong Technology Co.,ltd.
03714	CHEVALIER TECH LIMITED
03715	SPRiNTUS GmbH
03716	Tymphany HK Ltd
03717	TigerLight, Inc.
03718	Mercury Marine, a division of Brunswick Corporation
03719	OpenTech Alliance, Inc.
03720	Skewered Fencing, LLC
03721	Brudden
03722	Tele-Radio i Lysekil AB
03723	Allgon AB
03724	Gopod Group Holding Limited
03725	Celebrities Management Private Limited
03726	Nobest Inc
03727	Avetos Design LLC
03728	RainMaker Solutions, Inc.
03729	Identita Inc.
03730	Glutz AG
03731	MIV ELECTRONICS, LTD
03732	Tactrix
03733	Viaanix, Inc.
03734	Skeed,co,Ltd.
03735	kokoromil Inc.
03736	Chromatic Inc.
03737	Medibound, Inc.
03738	Scanbro OU
03739	Panasonic Automotive Systems Co., Ltd.
03740	Andrews & Arnold Ltd
03741	Audinor ApS
03742	Travelxp India Private Limited
03743	Owlet Baby Care Inc.
03744	ENLESS WIRELESS
03745	Culligan International Company
03746	QIKCONNEX LLC
03747	OLIS ELECTRONICS, LLC
03748	BiTECH Automotive (Wuhu) Co.,Ltd
03750	AMG Lab LLC
03751	BrickXter GmbH
03752	Dongguan Trangjan Industrial Co., Ltd
03753	Makichie Co., Ltd.
03755	STEYR Sport GmbH
03756	Dynetrex Solutions Inc.
03757	OPTRON Co., Ltd.
03758	BHClears Microelectronics (Shanghai) Co., Ltd.
03759	Unfolded Circle ApS
03760	FactorySense
03761	WearNex Limited
03762	PRADCO Outdoor Brands
03763	Zucchetti Axess
03764	BLUEFIN DATA, LLC
03765	Preseed Japan Corporation
03766	Server Products, Inc.
03767	Embedded Solutions LLC
03770	THERMY LTD
03771	Asahi Denso Co.,Ltd.
03772	GP Acoustics International Limited
03773	Tongfang Health Technology (Beijing) Co., Ltd.
03774	Deity Acoustic Technology Co.
03775	Schulte-Schlagbaum AG
03776	WEST inx Ltd.
03777	Crossdoor
03778	High Entropy, LLC
03779	Herschel Infrared Ltd
03780	PACIFIC MARINE BATTERIES PTY. LIMITED
03781	Alibaba (China) Co., Ltd.
03782	AuthGate B.V.
03783	Canyon Bicycles GmbH
03784	Codie LLC
03785	NeuroPace Inc
03786	NexRev LLC
03787	Zhong Shan City Richsound Electronic Industrial Ltd.
03788	Shenzhen NEOECO Technology Co., Ltd.
03789	Nature Inc.
03790	Guangzhou Honor Microelectronic Co.,Ltd.
03791	GGEC America, Inc.
03792	Gibson, Inc.
03793	VINYL MATT MEDIA LIMITED
03794	SHENZHEN BESTWAY ELECTRONICS CO.,LTD
03795	Lichens Innovation inc.
03796	Goerdyna Group Co., Ltd
03797	Relish Technologies Limited
03798	Quintessential Design, Inc.
03799	CS INSTRUMENTS GmbH & Co.KG
03800	DORAN MFG. LLC
03801	Overhead Door Corporation
03802	Kodira GmbH
03803	ShenZhen BoYiChuangXin
03804	Shenzhen Zoqin Technology Co., Ltd.
03805	Ceridwen Limited
03806	Sony Honda Mobility Inc.
03807	Dynaudio A/S
03808	MAERSK CONTAINER INDUSTRY A/S
03809	MA MICRO LIMITED
03810	shenzhen hongever technology Co,. Ltd
03811	TAMRON Co., Ltd.
03812	CAPTEMP, LDA
03813	Ambient Life Inc.
03814	NOCTRIX HEALTH, INC
03815	RICKARD AIR DIFFUSION (PTY) LTD
03816	SG Armaturen AS
03817	PIXEL TI IND. E COM PROD ELETRONICOS
03818	Core Devices LLC
03819	Fujita Electric Works, Ltd
03820	Willow Laboratories, Inc.
03821	BBC Bircher AG
03822	ELLEA INGEGNERIA SRL UNIPERSONALE
03823	Q42 Internet B.V.
03824	Seaward Electronic
03825	Wuxi Does IOT Co., Ltd
03827	Monil AS
03829	LS ELECTRIC Co., Ltd.
03830	Shenzhen Cyber Innovation Technology Co., Ltd.
03831	Trackonomy Systems, Inc.
03832	IoT Solutions Malta Limited
03833	Aseptico, Inc.
03834	Sensear Pty Ltd
03835	BLUEPROVIDERZ LLC
03836	Jano Life Inc.
03837	PRIMES GmbH
03838	Teledyne Instruments, Inc.
03839	Healthcare Technology Limited
03840	TRACERCO LIMITED
03841	HAPPLABS SOFTWARE PRIVATE LIMITED
03842	GE HEALTHCARE TECHNOLOGIES INC.
03843	Olibra LLC
03844	Lumen Labs (HK) Ltd
03845	SHENZHEN GWSTAI TECHNOLOGY CO.,LTD
03846	SHENZHEN POWEROAK NEWENER CO., LTD
03847	Tech OVN Private Limited
03848	Lezyne USA Inc.
03849	ANC CHINA LIMITED
03850	LION GROUP, INC.
03851	Brightway Innovation Intelligent Technology (Suzhou) Co., Ltd.
03852	Hitachi Industrial Equipment Systems Co.,Ltd.
03853	Maennl Elektronik GmbH
03854	IDEATRONIK Limited Liability Company
03855	caive Inc.
03856	ShenZhen Doctors of Intelligence & Technology Co.,Ltd
03857	Deep and Steep LLC
03858	Endur ID, Inc.
03859	Freshape SA
03860	PreEvnt, LLC
03861	Oval Corporation
03862	ADHD Friendly co.Ltd
03863	RORENTECH Co., Ltd.
03864	iKeyless, LLC
03865	Shenzhen SuperSound Technology Co.,Ltd
03866	FLO SCIENCES, LLC
03867	PalatiumCare LLC
03868	Edge Semiconductors Inc.
03869	ZIMMERMANN PV-Steel Group GmbH & Co. KG
03870	Yolni Inc.
03871	Ninebot (Changzhou) Tech Co., Ltd.
03872	Beijing Spring Creation Technology Co., Ltd.
03873	Rokk Limited
03874	ONESPACE TECHNOLOGIES (PTY) LTD
03875	Yuquan Semiconductor (Xiamen) Co., Ltd.
03876	Easy Measure Co., Ltd.
03877	Sichuan Changhong Neonet Technologies Co.,Ltd.
03878	Centromere Holding B.V.
03879	Global Link Distribution Corp.
03880	Amp Fit Israel LTD
03881	Trezor Company s.r.o.
03882	KELLER Druckmesstechnik AG
03883	ElitEngineering LLC
03884	Vision Group Inc.
03885	ClipsClips LLC
03886	BRITZ INTERNATIONAL CO.,LTD
03887	ThingCo Limited
03888	Opal Camera, Inc.
03889	TECHNOLOGIES FOR FREERIDE s.r.o
03890	FLINTEC UK LIMITED
03891	TETNET
03892	NINGBO SHARKWARD ELECTRONICS CO.,LTD
03893	Audeze LLC
03894	NODER Joint Stock Company
03895	Schueco International KG
03896	GILL INSTRUMENTS LIMITED
03897	Seitron Spa
03898	Southern Audio Services, Inc
03899	SANWA NEWTEC CO.,LTD.
03900	Mobile Technology Solutions LLC
03901	Vitio Medical S.L.
03902	Salyx Medical Inc.
03903	Landig + Lava GmbH & Co. KG
03904	Health Data Insight C.I.C.
03905	BONX INC.
03906	LINKEDCHIP TECHNOLOGY INC
03907	12mm Health Technology (Hainan) Co., Ltd.
03908	MAVERICK ENERGY SOLUTIONS INTERNATIONAL,INC
03909	Tactica Defense LLC
03910	Huizhou Meicanxin Electronics Technology Co.,Ltd
03911	Lodestar Technology Inc.
03913	IYO INC.
03914	Mitsubishi Motors Corporation
03915	desamisCo.,Ltd.
03916	JL WORLD CORPORATION LIMITED
03917	Qulinda AB
03918	Ningbo Dooya Mechanic & Electronic Technology Co., Ltd
03919	G-Vision GmbH
03920	Lantern Innovations Incorporated
03921	ebm-papst Mulfingen GmbH & Co. KGaA & Co. KG
03922	Shenzhen Yunke Intelligent Co.Ltd
03923	Fledt & Meiton Marin AB
03924	ContiTech Deutschland GmbH
03925	Sensoteq Ltd
03926	Astute Access Group Limited
03927	Silverlake Technologies
03928	Shenzhen Guo-link Technology Co.,Ltd.
03929	Silicon Vandals PTY LTD
03930	Vibe Energy B.V.
03931	shanghai fudan electronics group company Co. Ltd
03932	Micro Technology Services, Inc.
03933	Leapcraft ApS
03934	WUXI WEIDA INTELLIGENT ELECTRONICS CO.,LTD.
03935	ROBSON SRL
03937	HyolimXE Co., Ltd.
03938	Kehwin Technologies Co. Ltd.
03939	WATTER, Inc.
03940	SafeNow GmbH
03941	CZV, Inc
03942	BIGREDBEE, LLC
03943	White Eagle Sonic Technologies, Inc.
03944	Navico
03945	Ancoe Industry Corporation
03946	Roam Devices LLC
03947	Skywalk Inc.
03948	Biogents AG
03949	MODRETRO, INC.
03950	iSi Wearable Safety GmbH
03951	onanoff limited
03952	TECHFLITTER SOLUTIONS PRIVATE LIMITED
03953	PIRITIZ LLC
03954	FLORLINK, INC.
03955	Keycafe Inc.
03956	Sperry Labs LLC
03957	Senseonics, Incorporated
03958	simatec ag
03959	CROSS BRAIN CO.,Ltd.
03960	Also, Inc.
03961	Walter Mueller Inc. for Industrial Electronics
03962	SHENZHEN GUANG QI GUO CHUANG TECHNOLOGY CO.,LTD
03963	SKYROAM, INC.
03964	Polk Audio
03965	eQ-3 AG
03966	shenzhen Holyiot Technology Co.,Ltd
03967	Badass eBikes GmbH
03968	Hydro Electronic Devices, Inc.
03969	IN Phase International lTD
03970	Amon Co.Ltd.
03971	Calpeda S.p.A.
03972	KT Micro, Inc.
03973	Hangzhou Sciener Smart Technology Co., Ltd.
03974	Lakecrest Pty Ltd
03975	Anacove Inc.
03976	Kohler Ventures, Inc.
03977	STOREIO TECHNOLOGIES LTD
03978	Innogando S.L.
03979	A.Y. McDonald Mfg. Co.
03980	ROYAL PARTS CO.,LTD
03981	JUREN CO., LTD.
03982	Biceek Inc
03983	SIGNUM INTELLIGENCE LTD
03984	MOBI7 TECNOLOGIA EM MOBILIDADE S.A.
03985	Valostra Digital Ventures LLP
03986	Ethos Group, Inc.
03987	Aktiebolaget Ebeco
03988	IDX Company, Ltd.
03989	Dongguang Huasoo Automation Technology Company Limited
03990	SEIKOIST, INC
03991	SPX Aids to Navigation Oy
03992	Fitnexa Inc
03993	DEZINE GROUP LLC
03994	Eiritsu Electronics Industry Co., Ltd.
03995	Hanshow Technology Co.,Ltd.
03996	WePower Technologies LLC
03997	IRTrans GmbH
03998	Hibino Corporation
03999	Seiko Future Creation Inc.
04000	DP IOT
04001	PALRED RETAIL PRIVATE LIMITED
04002	BIA NEUROSCIENCE INC.
04003	B.E.G. Brueck Electronic GmbH
04004	Nice Spa
04005	Avanos Medical, Inc.
04006	Ugreen Group Limited
04007	spheretek japan
04008	Senti Technologies Private Limited
04009	Ranch Systems, Inc.
04010	Suzhou Fanxi Technology Co., Ltd.
04011	Geo Radar AI Private Limited
04012	Flitsmeister B.V.
04013	The AI Toy Company
04014	Capacite
04015	Terasite Technologies
04016	General Resistance, LLC
04017	Avivomed Inc.
04018	PLAUD Inc.
04019	Hooked Society Oy Ltd
04020	StoneDevices
04021	Hangzhou Nano IC Technologies Co,. Ltd
04022	TQ-Systems GmbH
04023	Hapn Holdings, LLC
04024	SITERWELL ELECTRONICS CO.,LIMITED
04025	Shenzhen Mutual Technology Co., Ltd
04026	Cosonic Intelligent Technologies Co., Ltd.
04027	Rollease Acmeda, Inc.
04028	ATANS TECHNOLOGY INC.
04029	Locus Robotics Corp.
04030	TaigaIoT
04031	Tridentify AB
04032	Littlebird Connected Care, Inc.
04033	Air Automotive tracking Inc.
04034	ISSPRO, INC
04035	Shenzhen Jimi loT Co.,Ltd
04036	FulScience Automotive Electronics Co., Ltd.
04037	Hypershell Co., Ltd
04038	ASD Lighting PLC
04039	Pharox B.V.
04040	Eforthink Technology Co., Ltd.
04041	Zirbel Bike GmbH
04042	Legato Audio, Inc.
04043	Biocorp Production
04044	Neurotherapeutics Ltd
04045	Wimate Technology Solutions Pvt Ltd
04046	NOJA Power
04047	Nestlab AS
04048	Stark Future SL
04049	Auranova LLC
04050	Domteknika S.A
04051	YDIIT Co., Ltd
04052	QRITAGYA LLP
04053	Telemacy Ltd
04054	LIOTYS
04055	Hondata, Inc.
04056	SIVA Inotec Limited
04057	REMDEVICE S.R.L.
04058	NIVELCO PROCESS CONTROL CO.
04060	Beijing Hongsi Electronic Technology Co.,Ltd.
04154	FOSS Analytical A/S
04157	Blahaj Ltd
04158	Nextorage Corporation
04159	infyni
04160	Raspberry Pi
04161	Shenzhen Huasheng Jiaye Technology Co., Ltd
04162	Namara Water Technologies, Inc
04163	Shanghai Holychip Electronic Co., Ltd.
04164	Rotarex S.A.
04165	VOTRONIC Elektronik-Systeme GmbH
04166	EXELIO S.R.L.
04167	Yamaha Motor eBike Systems GmbH
04168	Ferrari s.p.a.
04169	Anhui Ubico Advanced Manufacture Co., Ltd.
04170	Mueller-BBM Rail Technologies GmbH
04171	Yoto Limited
04172	LAUMAS Elettronica S.r.l.
04173	BUND MEDIA PTY. LTD.
04174	LSC Control Systems Pty Ltd
04175	Safety Lighting Research Pty Ltd
04176	Hangzhou Sneuro Medical Co., Ltd.
04177	UnlimitedIRL LLC
04178	CHOZEN International CO., LTD.
04179	Sensorworx, Inc.
04180	Romcor Pty Ltd
04181	NewNet, Inc.
04182	CLM-Solutions
04183	RSA Security LLC
04184	Gravity (Shenzhen)Space Technology Co., Ltd
04185	Shenzhen Shuye Technology Co.,Ltd.
04186	ArjoHuntleigh AB
04187	Fairbanks Scales Inc.
04188	YANMAR HOLDINGS CO., LTD.
04189	Williams Sound, LLC
04190	Zuuka Limited
04191	Chip-pump Microelectronics
04192	TOMOE VALVE CO.,LTD
04193	VCS Vision Control Solutions GmbH
04194	Framason Audio S.A
04195	Field Line Automation Ltd
04196	Shearwater Research Inc.
04197	HIGH HIT ENTERPRISE CO., LTD.
04198	Algiz AS
04199	Shenzhen FHX Precision Hardware & Plastic Co., Ltd.
04200	Hotron Co., Ltd.
04201	Remoticom B.V.
04202	OSKEY
04203	GORDON MURRAY GROUP LIMITED
04204	Global Electronics
04205	Rokstar Holdings Limited
04206	STRYDE LIMITED
04207	Prosaris Solutions Ltd.
04208	TLV Co.,LTD.
04209	IZYBAT
04210	ALTESSA SOLUTIONS INC.
04211	Hong Kong Future lntelligent Technology Co., Limited
04212	CenTrak, Inc.
04213	TM-TECHNOLOGIES, JSC
04214	ALPHADIF
04215	Shenzhen Muyu Technology Co., Ltd.
04216	augment AI Inc.
04217	Digimax Innovative Products LTD.
04218	CodaHD LLC
04219	E.J. Brooks Company
04220	Martin.Care GmbH
04221	IMPACT-BZ LTD
04222	Belford investment holdings pty ltd
04223	Anton Paar ConsumerTec GmbH
04224	Knit Sound Company
04225	Australis Scientific Pty Ltd.
04226	AIR PRODUCTS AND CHEMICALS, INC.
04227	SYSTEM LOCO LTD
04228	24x8, LLC
04229	FUTURE INTELLIGENCE TECHNOLOGY SINGAPORE PTE. LTD.
04230	M3SH TECHNOLOGY INC.
04231	Matisse Interactif inc.
04232	Sesame AI, Inc.
04233	DEER MANAGEMENT SYSTEMS, LLC
04234	Grayhill Inc.
04235	PERUN TECH SP. Z O.O.
04236	Tiny Displays Inc.
04237	DEWINE Labs GmbH
04238	Industrial Computing Limited
04239	SkyCell AG
04240	NAGANO KEIKI CO., LTD.
04241	COSEL ELEKTRONIK OTOMASYON SISTEMLERI SANAYI VE TICARET LIMITED SIRKETI
04242	BXB DIGITAL PTY LIMITED
04243	Mindspire Limited
04244	Personal Products Co., Ltd.
04245	CardiaMetrics
04246	Aktv8 LLC
04247	Knox Associates, Inc.
04248	smart-TEC GmbH & Co. KG
04249	Selco GmbH
04250	MONNIT CORPORATION
04251	Tensoli GmbH
04252	KIBLE
04253	terumo
04254	SHIBAURA ELECTRONICS CO., LTD.
04255	Shenzhen Hali-Power Industrial Co., Ltd.
04256	inContAlert GmbH
04257	flexlog GmbH
04258	Audio Research Corporation
04259	BQT Solutions (NZ) Limited
04260	RAPIDISE TECHNOLOGY PRIVATE LIMITED
04261	Cebreo Medical A/S
04262	Lightnovo ApS
04263	Pedigree Technologies, LLC
04264	Zhejiang Wanyou Intelligent Technology Co., Ltd.
04265	Mallow
04266	Sigenergy Technology Co., Ltd.
04267	ObjectSpectrum, LLC
04268	ATsens Co.,Ltd.
04269	CoreHW Semiconductor Oy
04270	Raycon Inc.
04271	Hangzhou SDIC Microelectronics Inc.
04272	VSC Synapse LLC
04273	Senops Tracker, LLC
04274	Shenzhen Xunzong Zhilian Technology Co., Ltd.
04275	HOSEOTELNET Co., Ltd.
04276	Solabs Technology (HK) Co., Limited
04277	SpartanLync Technologies Corp.
04278	SHENZHEN CHINA MICRO SEMICON CO.,LIMITED
04279	Fosilicon Co., Ltd
04280	Palarum LLC
04281	CYNC Labs, Inc.
04282	Noble HiFi, LLC
04283	VERGESENSE INC
04284	Harley-Davidson Motor Company
04285	Variowell Development GmbH
04286	UNIVERSAL REMOTE CONTROL, INC.
04287	All Inspire Health, Inc.
04288	Minda Corporation Ltd
04289	Shenzhen ECO-NEWLEAF CO., LTD
04290	SainStore Technology Co., Ltd.
04291	TECH FASS s.r.o.
04292	OPICA GmbH
04293	Cardinal Scale Mfg
04294	Piscisea Tech Inc
04295	CHIYODA TECHNOL CORPORATION
04296	mylife Diabetes Care AG
04297	Tractian Technologies Inc.
04298	FairPhone B.V
04299	The90, Inc.
04300	Linde GmbH
04301	Kumho Tire
04302	Inito Health Inc.
04303	Tempur World, LLC
04304	Band24, LLC
04305	Acer Inc.
04306	Hehku Company Oy
04307	AGCO Corporation
04308	Victor Hasselblad AB
04309	IntelliDesign Pty Ltd
04310	UltronSMART Inc.
04311	Arashi Vision Inc.
04312	Westfalen Aktiengesellschaft
04313	Liebherr-Hausgeraete GmbH
04314	SKAIChips Co.,Ltd
04315	SZ Avinox Innovation Co., Ltd.
04316	Spectra Precision (Kaiserslautern) GmbH
04317	Triumph Designs Ltd
04318	Gastron Co.,Ltd
04319	Hawkeye Surgical Lighting LLC
04320	Arnold & Richter Cine Technik GmbH & Co. Betriebs KG
04321	Neurable, Inc
04322	CAREHAWK INC.
04323	Vybe Audio LLC
04324	Smart Technologies ULC
04325	Durin, inc.
04326	KWANG YANG MOTOR CO., LTD.
04327	Placenet Internet of Places S.L.
04328	Liontron GmbH & Co. KG
04329	Hankook Tire & Technology Co., Ltd.
04330	Guangdong Youhong Medical Technology Co.,Ltd
04331	Fontaine Fifth Wheel Company
04332	ZELP LTD
04333	BRITA SE
04334	Shanghai XYLink Limited Corporation
04335	Keto-Check Inc.
04336	RFID N PRINT PTY LTD
04337	Ralston Instruments, LLC
04338	CHIGEE TECHNOLOGY CO., LTD.
04339	EURODIMA GmbH & CoKG
04340	SUPERARK LTD
65535	Bluetooth SIG Specification Reserved Default Vendor ID for Remote Devices Without Device ID Service Record.
